RANKING,PLAYER,TEAM,AGE,GP,W,L,MIN,OFFRTG,DEFRTG,NETRTG,AST%,AST/TO,AST RATIO,OREB%,DREB%,REB%,TO RATIO,EFG%,TS%,USG%,PACE,PIE,POSS
1,Andrew Wiggins,MIN,23,82,47,35,36.3,112.5,108.9,3.5,8,1.16,9.2,2.8,9.4,6.1,7.9,48.1,50.5,22.8,97.56,7.6,6052
1,Bismack Biyombo,ORL,25,82,25,57,18.2,97.9,111.4,-13.6,7,0.79,11.5,9.1,20.9,14.9,14.7,52,55.6,14.6,97.92,9.8,3042
1,Bradley Beal,WAS,25,82,43,39,36.3,108.7,106.3,2.4,20.6,1.74,16.9,2.1,10.1,6.2,9.7,52.7,56.4,26.8,97.82,12.5,6081
1,Cory Joseph,IND,26,82,48,34,27,105.4,106.5,-1.1,16.4,2.99,26.2,1.7,10.1,5.9,8.8,47.9,50.3,14.3,97.89,7.8,4506
1,Darius Miller,NOP,28,82,48,34,23.7,108.1,108.7,-0.6,7.6,1.91,16.4,0.9,7,4.1,8.6,59.4,61.7,12.4,102.1,5.6,4137
1,Dillon Brooks,MEM,22,82,22,60,28.7,102.4,107.4,-5,9.2,1.09,12.3,2.1,9.2,5.6,11.3,50.1,53.1,18.4,95.9,6.3,4690
1,Dragan Bender,PHX,20,82,21,61,25.2,100.6,110.9,-10.3,8.9,1.16,17.4,1.8,14.9,8.2,15,50.8,52.4,12.5,102.2,5.8,4397
1,E'Twaun Moore,NOP,29,82,48,34,31.5,108.7,106.1,2.6,9.9,1.83,16.3,2.3,6.5,4.5,8.9,58.5,59.3,15.8,102.57,7.3,5528
1,Ish Smith,DET,29,82,39,43,24.9,106.8,105.9,0.8,27.3,3.33,27.3,1.3,9.5,5.4,8.2,50.7,52.5,20.3,98.58,10.6,4199
1,Jakob Poeltl,TOR,22,82,59,23,18.6,111.9,103.7,8.3,5.4,0.67,10.1,10.7,15,12.9,15.1,66,66.2,14.3,98.72,9.7,3129
1,Joe Ingles,UTA,30,82,48,34,31.4,107.7,102.4,5.3,22.2,2.47,30,1,12.5,6.8,12.2,60.9,62.3,15.6,97.56,10.7,5236
1,Julius Randle,LAL,23,82,35,47,26.7,107,108.4,-1.4,15.8,0.99,13.9,8.2,20.2,14.4,14.1,56.3,60.6,25.1,101.3,13.5,4615
1,Karl-Anthony Towns,MIN,22,82,47,35,35.6,115.3,109.2,6.1,10.5,1.25,11.7,8.5,27.2,17.9,9.3,59.6,64.6,22.5,96.15,16.5,5852
1,Khris Middleton,MIL,26,82,44,38,36.4,110.3,108.7,1.6,17.2,1.72,17,1.6,13.3,7.6,9.9,52.4,57.7,23.9,97.78,11.4,6074
1,Lance Stephenson,IND,27,82,48,34,22.6,106.1,109.4,-3.2,18.6,1.79,20.8,3.3,20.3,11.5,11.6,47.5,49.5,20.8,97.8,9.7,3776
1,LeBron James,CLE,33,82,50,32,36.9,113.7,112.1,1.6,43.2,2.15,25.8,3.3,20.1,11.9,12,59,62.1,31,99.12,19.1,6250
1,Marcin Gortat,WAS,34,82,43,39,25.3,107.4,105.3,2.1,10.3,1.53,17.1,8.9,21.3,15.1,11.2,51.8,54.6,15.3,98,10.4,4243
1,P.J. Tucker,HOU,33,82,65,17,27.8,114.8,103.4,11.4,4.7,1.04,12.4,4.1,16,10.1,12,52,53.7,10.3,98.82,5.9,4692
1,Pat Connaughton,POR,25,82,49,33,18.1,107.8,103.5,4.3,8.5,2.12,16.8,2.3,8,5.2,7.9,51.8,53.9,12.8,99.01,5.8,3073
1,Patrick Patterson,OKC,29,82,48,34,15.5,102.6,105.7,-3.1,6.8,1.73,15.1,2.4,12.8,7.4,8.7,52.3,55.5,11.2,96.4,7.4,2552
1,Patty Mills,SAS,29,82,47,35,25.7,107.8,105.3,2.6,15.8,2.16,21.5,1.2,6.1,3.6,10,52.3,55.8,17.2,97.02,7.5,4260
1,Raymond Felton,OKC,34,82,48,34,16.6,103.5,104.7,-1.3,25.5,2.67,23.9,1.8,9.7,5.6,9,47.9,49.4,21,95.93,10.1,2722
1,Taj Gibson,MIN,33,82,47,35,33.2,113.2,108.5,4.6,5.1,1.11,9.9,7.2,14.6,10.9,8.9,58.1,61,14.4,97.18,9.4,5513
1,Taurean Prince,ATL,24,82,24,58,30,103.8,111.4,-7.5,13.5,1.12,14.7,2,13.8,7.8,13.1,51.6,54.9,21.6,100.03,9,5145
1,Tyus Jones,MIN,22,82,47,35,17.9,110.8,105.2,5.6,21.5,3.93,35.6,1.1,8.3,4.7,9,52.6,57.2,12.4,97.49,9,2985
1,Yogi Ferrell,DAL,25,82,24,58,27.8,103.4,103.2,0.2,13.7,2.58,19.1,1.1,9.7,5.4,7.4,51.8,54,16.6,97.66,8.2,4638
27,Aron Baynes,BOS,31,81,54,27,18.3,104.1,97.7,6.5,9.5,1.16,14.2,8.6,19.6,14.1,12.3,47.4,50.2,16.6,96.78,8.7,2989
27,Ben Simmons,PHI,21,81,51,30,33.7,109.5,102.9,6.6,36.2,2.38,31.6,5.3,17.1,11.5,13.3,54.5,55.7,21.9,101.77,15.4,5793
27,CJ McCollum,POR,26,81,48,33,36.1,107.3,105.8,1.6,15.6,1.8,13.4,1.7,8.9,5.3,7.4,50.6,53.6,25.9,98.2,10.9,5993
27,Dejounte Murray,SAS,21,81,47,34,21.5,103,98.7,4.3,20.2,1.72,22.2,6.1,19.6,12.8,12.9,45.1,48.5,20.1,97.27,11.7,3532
27,Doug McDermott,DAL,26,81,30,51,21.8,103.9,105.1,-1.2,6.5,1.41,11.7,2.2,8.7,5.5,8.3,55.7,57.9,14.4,99.28,6.9,3661
27,Dwight Howard,CHA,32,81,35,46,30.4,109.6,108.2,1.4,6.9,0.5,7.1,10.1,29.5,19.9,14,55.6,57.7,23.8,99.41,13.6,5110
27,Jamal Murray,DEN,21,81,46,35,31.7,113.9,110.2,3.7,15.9,1.59,17.1,3.3,8.7,6,10.8,52.9,57.6,22.3,97.75,9.6,5237
27,Jerami Grant,OKC,24,81,48,33,20.3,106.5,104.7,1.7,5.5,1.06,8.5,5,14,9.4,8.1,57,60.7,16.1,98.37,10.1,3356
27,Jordan Clarkson,CLE,26,81,40,41,23.3,104.6,106.5,-1.9,19.3,1.74,16.1,2.9,8,5.5,9.3,50.9,54.2,25.3,101.14,11.5,3994
27,Josh Richardson,MIA,24,81,44,37,33.2,105,104.2,0.8,13.1,1.65,17.6,2.5,8,5.3,10.7,52.3,55.1,17.6,97.38,8.6,5456
27,Jrue Holiday,NOP,28,81,47,34,36.1,109.4,104.5,4.9,24.3,2.28,23.8,2.2,9.5,6,10.4,54.3,57,22.5,102.25,11.8,6242
27,Kelly Oubre Jr.,WAS,22,81,43,38,27.5,105.9,108.2,-2.4,6.7,1.09,9.1,2.6,13.6,8.1,8.3,48.2,53.4,18.8,99.49,7.9,4622
27,Pascal Siakam,TOR,24,81,59,22,20.7,111.2,102.3,8.9,13.3,2.37,21,4.8,16.8,10.9,8.9,53.7,54.9,15.4,98.4,10.2,3441
27,Thaddeus Young,IND,30,81,48,33,32.2,108.7,105,3.7,8.5,1.45,13.1,7.4,12.8,10.1,9,52.1,52.8,17.1,97.17,9,5285
27,Will Barton,DEN,27,81,46,35,33.1,110.7,108.6,2.1,18.5,2.22,20.7,2.6,12.6,7.5,9.3,52.8,56.2,20.1,98.63,10.9,5517
42,Bojan Bogdanovic,IND,29,80,47,33,30.8,106.4,104.9,1.5,7.1,1.12,10.3,1.2,9.7,5.5,9.1,56.5,60.5,18.5,98.36,9.1,5056
42,Bryn Forbes,SAS,24,80,46,34,19,106.3,102.8,3.5,7.7,2.16,12.5,0.8,6.5,3.6,5.8,51,52.5,15.9,97.94,5.5,3102
42,Buddy Hield,SAC,25,80,27,53,25.3,103.1,107.2,-4.1,12.7,1.25,12.5,2.7,12.9,7.6,10,54,55.7,23.6,96.26,10.9,4066
42,DeMar DeRozan,TOR,28,80,57,23,33.9,114.2,106.5,7.7,24.5,2.38,18.7,2.1,9.1,5.7,7.8,48.8,55.5,28.6,99.47,13.5,5624
42,JR Smith,CLE,32,80,49,31,28.1,110.9,113.2,-2.3,8.7,1.74,16.7,1.3,9.2,5.3,9.6,52.4,53.4,13.6,99.03,5.2,4626
42,Jae Crowder,UTA,27,80,52,28,26.1,107.9,107.2,0.6,7.1,1.34,10.9,2.9,10.3,6.6,8.1,48.6,52.5,16.9,99.67,6.1,4339
42,Jamal Crawford,MIN,38,80,45,35,20.7,108.4,112.8,-4.5,17.7,1.95,17.4,1.3,5,3.1,8.9,48.5,51.9,23.1,98.26,7.9,3384
42,Jayson Tatum,BOS,20,80,53,27,30.5,107.7,100.8,6.9,8.1,1.12,10.7,2.1,13.8,8.1,9.6,53.8,58.6,19.2,97.42,10.8,4959
42,Jeremy Lamb,CHA,26,80,36,44,24.6,109.3,107.9,1.3,15.4,2,15.6,2.4,14,8,7.8,51.3,55.9,22,98.9,11.6,4064
42,Kemba Walker,CHA,28,80,36,44,34.2,111.3,108,3.3,26.4,2.48,20.6,1.1,7.7,4.4,8.3,51.6,57.2,26.7,99.31,13.1,5669
42,Marco Belinelli,PHI,32,80,39,41,24.3,105.4,106.8,-1.4,11.5,1.57,13.8,1,6.6,3.8,8.8,53.9,58.1,19.7,101.06,9.3,4112
42,Nick Young,GSW,33,80,56,24,17.4,106.8,106,0.8,3.8,0.92,6.1,1.5,7.1,4.4,6.6,53.8,56.2,16.9,101.41,6.1,2952
42,Robert Covington,PHI,27,80,51,29,31.6,109.9,100,9.9,8.4,1.24,13.3,2.2,13.7,8.2,10.7,53.4,56.3,16.8,101.42,9,5347
42,Russell Westbrook,OKC,29,80,47,33,36.4,112.3,105.6,6.6,46.4,2.15,26.3,4.8,22.6,13.3,12.2,47.7,52.4,32.6,99.59,18.6,6037
42,Spencer Dinwiddie,BKN,25,80,28,52,28.8,107.3,108.6,-1.3,34.9,4.09,32.8,1.6,9.4,5.4,8,47.1,52.7,20.1,99.2,10.8,4751
42,Terry Rozier,BOS,24,80,54,26,25.9,104.3,101.6,2.6,18.4,2.9,19.7,2.9,14.4,8.7,6.8,49.1,52,19.9,97.59,11.8,4209
42,Tobias Harris,LAC,25,80,39,41,33.3,108.3,110.6,-2.3,11.5,1.83,12,2.1,14.5,8.1,6.5,53.5,56.5,22.7,98.2,11.3,5464
59,Anthony Tolliver,DET,33,79,37,42,22.2,105.9,105,0.9,7.6,1.55,13.4,2.7,10.9,6.7,8.6,63.2,66.3,14.4,97.94,8.6,3581
59,Donovan Mitchell,UTA,21,79,46,33,33.4,108.3,101.5,6.8,18.9,1.35,14.6,2,9.3,5.7,10.8,50.6,54.1,28.3,97.65,10.9,5364
59,Dwight Powell,DAL,26,79,23,56,21.2,105.3,104.5,0.9,8.5,1.54,13.8,8,19,13.4,9,62.6,65.6,15.1,97.97,11.9,3401
59,Evan Turner,POR,29,79,48,31,25.7,104.5,105.6,-1.1,12.8,1.75,19.3,1.4,10,5.7,11,48.4,52,15.3,98.4,7.1,4168
59,Frank Kaminsky,CHA,25,79,35,44,23.2,107.7,110,-2.3,11.3,1.95,13,2.3,13.9,7.8,6.7,50.1,54.5,20.2,98.79,9.8,3791
59,Gorgui Dieng,MIN,28,79,45,34,16.9,103.9,110.5,-6.6,8,1.2,12.5,7.8,20.1,13.7,10.4,50.4,54.3,15.9,99.83,9.3,2763
59,Jusuf Nurkic,POR,23,79,48,31,26.4,106.7,103.1,3.6,11.5,0.78,10.3,8.7,23.7,16.2,13.2,50.5,52.8,25.7,98.73,12.7,4297
59,Lou Williams,LAC,31,79,42,37,32.8,111.8,110.2,1.6,25.4,1.78,19,1.5,5.9,3.8,10.7,50.5,57.4,28.5,101.77,12.7,5504
59,Paul George,OKC,28,79,47,32,36.6,109.7,106,3.7,14.3,1.24,13.3,2.3,13.2,7.6,10.7,52.1,57,24.8,99.23,12,5978
59,Troy Daniels,PHX,26,79,20,59,20.5,101.1,113.3,-12.2,4.7,0.86,6.8,0.7,6.9,3.7,8,56.3,58.3,16.8,101.6,5.8,3439
69,Andre Drummond,DET,24,78,37,41,33.7,107,108,-1,14,1.19,15.8,14.5,32.9,23.4,13.4,52.9,55.5,20.7,97.79,15.6,5348
69,Bogdan Bogdanovic,SAC,25,78,26,52,27.9,102.6,111.2,-8.6,18.3,2.06,21.5,1.4,9.4,5.3,10.4,52.9,55.6,19.2,96.77,8.7,4393
69,Carmelo Anthony,OKC,34,78,46,32,32.1,111.6,106.4,5.2,6.1,1.04,7.1,2.5,15.8,8.8,6.8,47.6,50.3,22.3,99.12,8.6,5165
69,Dario Saric,PHI,24,78,49,29,29.6,108.9,103,5.9,12.9,1.36,15.2,6.7,14.7,10.8,11.1,54.1,58.2,20.4,101.15,11.5,4868
69,Ed Davis,POR,29,78,48,30,18.9,107.9,103.9,4.1,3.9,0.61,9,12.1,25.4,18.8,14.8,58.2,60.7,12,96.37,11.5,2939
69,Frank Ntilikina,NYK,19,78,28,50,21.9,102.4,104.6,-2.2,21,1.91,27.4,2.1,7.9,5,14.4,41.4,43.7,16.6,98.82,4.8,3501
69,Jeff Green,CLE,31,78,47,31,23.4,109.9,106.2,3.7,8.1,1.32,11,3.4,9.5,6.6,8.4,52,58.7,19,100.04,9,3793
69,Joe Harris,BKN,26,78,27,51,25.3,105.1,108.4,-3.3,10.1,1.41,14.5,2.4,10.1,6.3,10.3,61.2,63.4,16.1,100.59,8.9,4145
69,Kyle Lowry,TOR,32,78,57,21,32.2,113.1,105.5,7.6,30.7,2.93,30.3,2.6,14.2,8.5,10.3,55.3,59.8,21.1,99.37,13.6,5197
69,Marvin Williams,CHA,32,78,33,45,25.7,108.7,107.1,1.6,6.9,1.45,12.4,3.6,14,8.9,8.5,57,60.3,14.5,100.05,9.3,4182
79,Davis Bertans,SAS,25,77,43,34,14.1,104.1,100.6,3.5,10.2,2.06,14.9,1.7,12.2,7,7.3,56.8,58.8,16.8,98.63,9.2,2237
79,DeAndre Jordan,LAC,29,77,39,38,31.5,107.9,110.3,-2.4,7.4,0.85,12,13.2,33.9,23.6,14.1,64.5,64.8,15.1,98.61,15.2,4975
79,Denzel Valentine,CHI,24,77,26,51,27.2,101.7,108.6,-6.8,17.8,2.46,22.6,2.1,16.8,9,9.1,51.7,52.7,17,99.56,9.1,4359
79,Derrick Favors,UTA,26,77,46,31,28,106.2,102.6,3.6,7.5,1.16,10.4,9.7,16.7,13.3,8.9,57.3,59.3,18.1,97.13,11.9,4351
79,Dirk Nowitzki,DAL,40,77,24,53,24.7,105.5,107.5,-2,9.8,2.35,12.4,1.2,22.7,11.8,5.3,54.7,57.5,19.9,98.8,11.9,3922
79,Harrison Barnes,DAL,26,77,24,53,34.2,103.4,109.5,-6.1,10.1,1.29,9.4,2.8,15.4,8.9,7.3,49.4,53.9,24.7,96.98,11.4,5322
79,Ian Mahinmi,WAS,31,77,42,35,14.9,106.6,105.2,1.4,6.8,0.53,11.6,11.8,15.6,13.7,21.8,55.6,60.1,15,98.51,6.1,2342
79,Jodie Meeks,WAS,30,77,41,36,14.5,102.3,109.2,-6.8,10,1.89,12.9,1.3,10.2,5.6,6.8,49.1,54.8,17.9,99.93,9.2,2332
79,Jonas Valanciunas,TOR,26,77,56,21,22.4,112.9,107.2,5.6,7.5,0.7,8.3,10.6,26.3,18.7,11.8,59,62.8,22.2,99.04,15.1,3576
79,Josh Jackson,PHX,21,77,19,58,25.4,98.6,110.3,-11.7,10.5,0.82,9,4.4,12.3,8.3,11,44.8,48,25.3,103.23,7.2,4195
79,Kyle Kuzma,LAL,22,77,34,43,31.2,105.3,107.5,-2.2,9.1,1.01,10,3.5,15.4,9.5,10,52.7,54.9,21.9,101.81,10.4,5088
79,Kyle O'Quinn,NYK,28,77,28,49,18,105.6,106.8,-1.1,16.6,1.58,22.7,9,24.2,16.8,14.4,58.9,62.5,16.8,98.76,13.7,2851
79,Otto Porter Jr.,WAS,25,77,42,35,31.6,110.3,105.1,5.1,9.6,2.09,13.4,4.4,16.1,10.4,6.4,58.1,60.2,18.2,97.75,12.4,4966
79,Pau Gasol,SAS,37,77,45,32,23.5,102.6,101.6,1,20.8,2.2,22.3,6.9,25.6,16.4,10.1,49.2,53.9,20.1,97,15,3674
79,Ricky Rubio,UTA,27,77,44,33,29.3,105.9,101.2,4.7,28.3,1.98,26.5,2,13.9,8,13.4,47.6,53.7,22.2,97.48,11.5,4575
79,Wayne Ellington,MIA,30,77,42,35,26.5,106.8,104.6,2.2,6,1.52,9.3,1.1,9.4,5.3,6.1,56.9,58.8,16.7,96.12,8.5,4105
95,Courtney Lee,NYK,32,76,27,49,30.4,105.3,110.8,-5.5,11.3,2.14,16.9,1.3,8.2,4.8,7.9,52.9,56.4,16.5,98.02,8.5,4718
95,Fred VanVleet,TOR,24,76,55,21,20,112.2,101.1,11.1,23.1,3.28,26.9,1.6,10.2,6,8.2,52.5,55.6,18.8,97.76,11.1,3100
95,John Henson,MIL,27,76,39,37,25.9,111.2,106.3,4.9,8.3,1.36,14.8,8.3,18.5,13.6,10.9,57.3,58.2,14.9,97.18,9.7,3974
95,Kelly Olynyk,MIA,27,76,42,34,23.4,110,104.6,5.3,18,1.41,19.4,5.2,20,12.6,13.8,58,61.2,21.3,96.5,12.2,3596
95,Mike Scott,WAS,29,76,39,37,18.5,105.6,107.6,-2,9.3,1.01,11.2,3.6,14.1,8.8,11.1,59,59.9,19.4,99.15,9.6,2894
95,Montrezl Harrell,LAC,24,76,39,37,17,109.1,107,2.1,9.3,1.09,9.5,8.1,14.6,11.5,8.7,63.6,64.7,22.7,102.39,14.4,2756
95,Serge Ibaka,TOR,28,76,53,23,27.5,112.8,106.1,6.8,4.4,0.69,6.3,3.7,18.3,11.2,9.1,55.2,57.4,18.9,99.68,9.8,4353
95,Steven Adams,OKC,24,76,43,33,32.7,112.1,105.7,6.4,5.1,0.69,8.3,14.2,12.3,13.3,12.1,62.9,63,16,98.84,10.9,5119
95,T.J. McConnell,PHI,26,76,50,26,22.5,103,104.4,-1.4,25.8,2.71,35.5,2.1,10,6.2,13.1,53.1,54.5,13.4,102.41,9.9,3631
104,Alex Abrines,OKC,24,75,42,33,15.1,107.7,106.5,1.2,3.6,1.12,7.7,2.1,7.9,4.9,6.9,54,56.7,12.6,97.91,4.8,2320
104,Allen Crabbe,BKN,26,75,25,50,29.3,106.9,108.8,-1.9,8.2,1.5,11,1.2,13,7,7.3,52.9,55.8,18.3,100.98,8.4,4627
104,Anthony Davis,NOP,25,75,45,30,36.4,109.2,104.3,5,10.4,1.07,8.5,7,21.3,14.6,7.9,55.2,61.2,29.1,102.71,18.8,5838
104,D.J. Augustin,ORL,30,75,23,52,23.5,102.5,106.3,-3.8,25.1,2.33,27.9,1.6,7.2,4.4,11.9,55.7,61.5,18.2,99.57,10.7,3656
104,Giannis Antetokounmpo,MIL,23,75,39,36,36.7,109.4,106.5,2.8,23.7,1.62,15.9,6,21.8,14.1,9.8,54.5,59.8,30.7,97.61,18.6,5600
104,Goran Dragic,MIA,32,75,39,36,31.7,106.2,106,0.2,24.5,2.16,20.9,2.3,10.5,6.4,9.7,50.2,54.3,25,97.49,11.5,4834
104,LaMarcus Aldridge,SAS,32,75,45,30,33.4,108.7,103.3,5.4,11.1,1.37,8.6,9.8,15.6,12.7,6.3,52,57,28.8,94.67,15.9,4955
104,Mario Hezonja,ORL,23,75,21,54,22.1,103.6,109.6,-6,10.1,1.23,12.4,2.4,14.4,8.4,10.1,51.5,54.4,19.7,98.69,9.4,3407
104,Nikola Jokic,DEN,23,75,43,32,32.6,114,107.8,6.2,28.6,2.18,25.3,8.1,25.4,16.8,11.6,55.4,60.3,23.8,97.52,16.9,4983
104,Tony Snell,MIL,26,75,42,33,27.4,109.4,110.3,-0.9,6.4,2.72,16.9,0.5,6.6,3.6,6.2,56.2,57.8,10.5,97.9,5.1,4180
104,Victor Oladipo,IND,26,75,48,27,34,109.9,104,5.9,20.9,1.47,15.8,1.9,13.2,7.7,10.7,53.7,57.7,29.5,98.04,14.8,5225
115,Amir Johnson,PHI,31,74,47,27,15.8,102.5,101,1.5,13.7,2.15,25,10.2,16.9,13.6,11.7,55.8,57.5,12.5,103.67,8.8,2513
115,Brook Lopez,LAL,30,74,34,40,23.4,106.2,108.6,-2.3,11.3,1.29,11.7,4.1,12,8.1,9.1,53.6,55.7,23,102.03,9.2,3692
115,Clint Capela,HOU,24,74,62,12,27.5,114.2,104.9,9.3,5.5,0.66,7.1,11.9,27.8,19.8,10.8,65.2,65,19,98.05,15.5,4151
115,Domantas Sabonis,IND,22,74,45,29,24.5,107.2,105.8,1.4,12.7,1.1,14.4,9.3,22.7,16,13.1,52.4,56.7,21.4,97.76,12.1,3678
115,Eric Bledsoe,MIL,28,74,40,34,31.4,110.7,107.9,2.7,24.6,1.71,21.6,2.3,10,6.3,12.6,53.6,58.2,25.4,98.57,12.5,4763
115,Ian Clark,NOP,27,74,43,31,19.7,107.1,106,1,10.7,1.93,16.1,0.7,7.4,4.3,8.4,51.1,52.9,16.8,102.08,6.2,3090
115,Jerian Grant,CHI,25,74,24,50,22.8,102,109.1,-7.1,31.4,3.84,33.9,1.7,8.4,4.9,8.8,47.6,52.8,17.2,98.24,9.5,3448
115,John Collins,ATL,20,74,21,53,24.1,101,107.3,-6.2,9,0.93,11.9,9.4,20.1,14.7,12.7,59.1,62,17.4,99.88,11.9,3719
115,Jonas Jerebko,UTA,31,74,45,29,15.3,105.9,104.2,1.7,5.7,1.56,9.7,4.8,17.5,11.2,6.2,56.2,58.6,15.1,97.65,9.1,2314
115,Kentavious Caldwell-Pope,LAL,25,74,31,43,33.2,106.5,107.4,-0.9,9.3,1.67,14.3,2.3,12.7,7.5,8.6,52.6,56.1,16.5,101.4,9.2,5190
115,Kyle Anderson,SAS,24,74,41,33,26.7,105.3,102,3.3,14.6,2.15,25.3,4.3,15.8,10,11.8,54.9,58.2,13.3,96.75,11.1,3991
115,Mason Plumlee,DEN,28,74,40,34,19.5,107.5,108.2,-0.7,14.5,1.39,20.6,9.2,18.2,13.8,14.8,60.1,58.6,16.1,99.99,9.8,2984
115,Michael Beasley,NYK,29,74,24,50,22.3,106.6,110.6,-4,12.2,0.86,10.8,5.7,19.1,12.3,12.6,52.8,55.6,26.1,98.96,12.2,3409
115,Michael Kidd-Gilchrist,CHA,24,74,34,40,25,109,107.2,1.8,5.7,1.34,9.3,4.4,11.5,7.9,7,50.4,53.6,15.9,99.95,7.4,3844
115,O.G. Anunoby,TOR,20,74,51,23,20,113,103,10,4.9,1.22,11.7,3,9,6.1,9.5,57.7,58.7,12.1,99.62,5.6,3068
115,Shabazz Napier,POR,26,74,46,28,20.7,106,103.6,2.4,14.9,1.67,18.1,1.7,9,5.4,10.8,49.7,54.4,19.2,97.3,9.9,3117
115,Thon Maker,MIL,21,74,40,34,16.7,105.8,110.8,-5,5.5,1.05,10.3,6.4,13,9.7,9.8,46,49.9,14.7,97.25,5,2491
115,Wesley Johnson,LAC,30,74,38,36,20.1,105.2,106.5,-1.4,5.6,1.11,12,1.9,12.2,7.1,10.8,48.9,51.2,12.6,102.21,5.8,3156
115,Wilson Chandler,DEN,31,74,41,33,31.7,110.5,109.1,1.4,9.4,1.73,17.1,4.4,12.7,8.5,9.9,51.5,54.2,14.2,98.1,7.1,4790
134,Bobby Portis,CHI,23,73,25,48,22.5,107.4,109.5,-2.1,12.6,1.19,11.2,8.9,20.7,14.5,9.4,52,54.8,25,100.32,13.3,3428
134,Damian Lillard,POR,27,73,44,29,36.6,110.7,104.5,6.1,30.1,2.33,20.8,2.2,9.4,5.8,8.9,51.9,59.4,29.5,98.61,16.5,5489
134,Dante Cunningham,BKN,31,73,34,39,21.4,106.2,107.3,-1.1,4.2,1.45,10.3,4.9,13.3,9.2,7.1,53,53.9,11.4,102.12,6.5,3303
134,David West,GSW,37,73,52,21,13.7,103.6,101.7,1.9,22,1.73,21.9,7.2,16.3,12.2,12.7,57.5,60,22.3,96.63,14.5,2009
134,De'Aaron Fox,SAC,20,73,24,49,27.7,101.6,111.8,-10.2,24,1.85,23.3,1.6,8.7,5,12.6,44.1,47.8,22.7,98.06,7.4,4142
134,DeMarre Carroll,BKN,31,73,25,48,29.9,106.5,107.8,-1.2,10.6,1.43,12.9,4.5,16.5,10.4,9,50.6,55,19.4,99.88,10.1,4532
134,James Johnson,MIA,31,73,37,36,26.6,105.9,105.8,0.1,22,1.99,25.4,3.2,14.8,9.1,12.8,55,57.5,18.5,97.74,11.2,3956
134,Jarell Martin,MEM,24,73,21,52,22.7,100.6,108.1,-7.6,7.3,0.85,10.3,5.7,13.9,9.6,12.1,48,51.6,16.8,97.16,6.6,3357
134,Klay Thompson,GSW,28,73,55,18,34.3,112.6,105.6,7.1,10.8,1.45,12.1,1.4,8.9,5.5,8.3,58.6,59.9,23.2,101.38,10.3,5300
134,Kyle Korver,CLE,37,73,43,30,21.6,112.3,104.5,7.8,7.9,1.6,13.6,0.6,9.3,5.2,8.5,62.8,65.2,15.4,100.8,8.3,3313
134,Lance Thomas,NYK,30,73,25,48,18.5,101.4,107.3,-5.9,4.4,1.07,11.7,3.3,9.8,6.5,10.9,47.6,51.3,10.6,98.37,3.7,2765
134,Luke Kennard,DET,22,73,34,39,20,107.1,103.2,3.9,12.7,1.8,18,1.4,10.4,5.9,10,53,56,16.9,97.18,8.6,2964
134,Marc Gasol,MEM,33,73,21,52,33,102.7,109.7,-6.9,22.5,1.57,18.3,3.3,22.5,12.7,11.6,47.3,53.2,25.5,95.03,14,4776
134,Markieff Morris,WAS,28,73,37,36,27,108.4,107.7,0.7,10.7,1.12,14,4,17.3,10.7,12.6,53.6,56.6,19.4,97.12,9.2,3981
134,Sam Dekker,LAC,24,73,36,37,12.1,106.6,102.5,4.2,5.9,1.15,10.7,5,13.6,9.5,9.3,51.4,53.4,14.8,103.18,7.9,1889
134,Semi Ojeleye,BOS,23,73,50,23,15.8,97.1,103.6,-6.5,2.6,0.8,8,3.1,10.6,6.8,10,45.2,47.3,8.8,98.38,3.2,2343
134,Sindarius Thornwell,LAC,23,73,36,37,15.8,103,105.4,-2.4,8.1,1.28,17.3,2.8,8.6,5.8,13.5,47.9,51.9,11.8,101.64,4.5,2427
134,Tomas Satoransky,WAS,26,73,39,34,22.5,107.1,105.6,1.5,24.6,3.45,35.9,4.5,9.9,7.2,10.4,58.5,61.5,13.4,97.98,10.6,3367
134,Trey Lyles,DEN,22,73,41,32,19.1,108.2,108.4,-0.2,10.5,1.49,11.9,3.9,21.5,12.5,8,56.6,59.1,20.5,98.97,12.8,2873
134,Willie Cauley-Stein,SAC,24,73,23,50,28,101.8,109.6,-7.8,13.5,1.58,14.8,6.4,19.7,12.8,9.4,50.4,52.9,21.5,96.65,11.5,4114
154,Al Horford,BOS,32,72,47,25,31.6,108.9,101.6,7.3,22.5,2.57,26.6,4.7,17.8,11.5,10.3,55.3,57.5,18.3,97.23,13.4,4617
154,Corey Brewer,OKC,32,72,32,40,16.8,105.8,108.1,-2.3,7.3,1.33,13.8,3.3,8.9,6,10.4,49.8,53.4,13.6,103.74,5.9,2614
154,James Ennis III,DET,27,72,25,47,22.3,102.3,107.9,-5.6,6.9,1.27,12.6,4.5,9.6,7,10,54,58.8,13.4,96.97,7.3,3240
154,James Harden,HOU,28,72,59,13,35.4,116.2,106.2,10,44.9,2,23.4,1.7,13.7,7.8,11.7,54.1,61.9,35.3,98.29,19.4,5223
154,Jarrett Allen,BKN,20,72,25,47,20,104.1,108.2,-4.1,5.5,0.6,8.2,9.6,15.7,12.7,13.8,59.6,63.6,16.2,100.01,10.8,2993
154,Justin Holiday,CHI,29,72,24,48,31.5,104.2,108.2,-4,9.7,1.65,14,1.3,11.4,6.2,8.5,47.4,51.3,17.7,100.42,6.9,4742
154,Marquese Chriss,PHX,20,72,19,53,21.2,100.8,109.2,-8.4,8.1,0.78,11.2,4.6,20,12.1,14.5,48.2,50.9,17.6,102.86,7.5,3261
154,Maxi Kleber,DAL,26,72,20,52,16.8,101.8,105.3,-3.6,6.6,1.7,12.3,5.5,13.7,9.5,7.2,55.3,57.6,13.5,97.78,8,2436
154,Tyler Johnson,MIA,26,72,39,33,28.5,105.5,104.5,1,12.3,2.04,16.3,1.6,10.5,6,8,51.8,54.9,18,97.65,8.7,4177
163,Caris LeVert,BKN,23,71,25,46,26.2,101.8,108.2,-6.4,26.5,1.95,23.7,2.6,10.4,6.5,12.1,49.3,52.5,21.6,102.25,9.9,3965
163,Devin Harris,DEN,35,71,33,38,18.9,109.4,105.3,4.1,16.5,2,20.2,0.9,8.5,4.7,10.1,49.9,56.3,19.4,100.08,7.6,2788
163,Enes Freedom,NYK,26,71,27,44,25.8,106.6,111.5,-4.9,9.1,0.86,10.3,14.6,27.9,21.2,12,59.2,63,21.2,97.96,16.1,3733
163,Kosta Koufos,SAC,29,71,22,49,19.6,98.8,106.8,-8,10,1.78,15.6,10,23.6,16.5,8.8,57.1,56.6,15,95.86,12.4,2777
163,Shaun Livingston,GSW,32,71,49,22,15.9,108.1,102.2,5.8,16.9,2.41,24.8,3.3,8,5.9,10.3,50.1,53.3,16.5,100.22,7.5,2346
163,Tyler Ulis,PHX,22,71,20,51,23.4,101.4,110,-8.6,28.2,2.45,30,1.4,6.1,3.7,12.3,42.6,46.5,18.4,100.85,7.3,3477
169,CJ Miles,TOR,31,70,50,20,19.1,109.8,101.8,8,6.1,1.41,7.6,1.3,9.7,5.5,5.4,51.6,54.5,21.4,99.99,7.7,2807
169,Danny Green,SAS,31,70,40,30,25.6,105.1,102.7,2.4,8.9,1.49,14.2,2.2,11.5,6.8,9.6,49,50.9,16.3,95.83,7.3,3577
169,David Nwaba,CHI,25,70,26,44,23.5,103.9,109.7,-5.8,9.4,1.35,14.9,5,14.2,9.5,11.1,49.9,54.2,15.3,99.65,7.5,3398
169,Draymond Green,GSW,28,70,48,22,32.7,111.9,105.2,6.7,28.6,2.51,36.1,3.6,18.3,11.7,14.4,51.6,55.6,16.8,102.64,11.7,4882
169,JJ Redick,PHI,34,70,45,25,30.2,109.4,102.4,7,14.9,2.04,16.6,0.4,7.1,4,8.1,56.9,61.4,20.6,103.62,10.8,4563
169,Jaylen Brown,BOS,21,70,47,23,30.7,109,101.3,7.7,8.1,0.92,10,3,12.4,7.8,10.9,54,56.2,20.8,97.62,8.9,4378
169,Jeff Teague,MIN,30,70,41,29,33,112.7,110,2.7,29.8,2.78,31.4,1.1,8.1,4.6,11.3,49.9,55.3,20.1,98.11,10.5,4729
169,Norman Powell,TOR,25,70,51,19,15.2,104.8,106.7,-1.9,12.2,1.35,16.4,1.3,10,5.6,12.1,47.2,49.2,18.5,99.41,5.6,2210
169,Quincy Acy,BKN,27,70,26,44,19.4,104.8,106.7,-1.9,6.1,0.95,11.2,2.8,15.3,9.1,11.7,49.6,52.5,14.3,100.89,5.8,2856
178,Al-Farouq Aminu,POR,27,69,40,29,30,109.6,104.4,5.2,5.6,1.06,10.8,4.5,19.8,12.1,10.1,50.3,52.2,14.5,98.47,9,4250
178,Alex Len,PHX,25,69,20,49,20.2,101.8,110.4,-8.6,9.3,1.05,12.8,11.6,22.8,17.2,12.2,56.7,61.2,16.4,103.1,12.9,2997
178,Bam Adebayo,MIA,20,69,34,35,19.8,101.9,102.6,-0.6,11.5,1.53,17.2,8.6,19.4,14,11.3,51.2,57,15.7,96.29,11.1,2738
178,Darren Collison,IND,30,69,39,30,29.3,110,107.5,2.6,25.7,4.28,32,1.9,7.2,4.6,7.5,57.1,61,17,97.97,11.4,4130
178,Delon Wright,TOR,26,69,49,20,20.8,110,102.7,7.3,20.2,2.56,26.4,3.1,10.7,6.9,10.3,53,57.4,16.9,97.96,11.6,2934
178,Dennis Smith Jr.,DAL,20,69,22,47,29.7,102.4,110.1,-7.6,30.1,1.85,21.6,2.3,10.6,6.3,11.7,44.6,47.3,28,98.16,8.7,4188
178,Eric Gordon,HOU,29,69,55,14,31.2,116.4,103.5,13,11.3,1.18,11.4,1.1,6.5,3.9,9.6,54,57.8,23.8,99.89,9,4485
178,Ersan Ilyasova,PHI,31,69,36,33,25.1,107,106.1,0.9,7.8,1.25,10.8,6.7,16.1,11.4,8.6,52.6,55.8,18.3,100.17,9.9,3605
178,J.J. Barea,DAL,34,69,23,46,23.2,107.5,106.8,0.7,42.6,3.03,33.1,0.9,12,6.4,10.9,52.2,54.5,24.3,97.92,13.3,3268
178,Jonathon Simmons,ORL,28,69,21,48,29.4,104.6,111.4,-6.9,13.1,1.17,14.5,3,8.7,5.9,12.4,51.1,55.5,21.5,99.75,7.7,4214
178,Josh Huestis,OKC,26,69,43,26,14.2,109.2,103.2,6,2.7,0.77,8.5,4.2,11.7,8,11,42,41.7,9.5,96.83,3.2,1976
178,Royce O'Neale,UTA,25,69,43,26,16.7,106.3,97.6,8.7,12.2,1.73,20.3,2.2,17.5,10.1,11.8,49.6,54,14,98.08,9.2,2344
178,Shelvin Mack,ORL,28,69,21,48,19.8,103.1,105.7,-2.7,30.8,3.06,33.2,1.6,10.2,5.9,10.9,48.8,51.8,17.5,97.72,10.3,2776
178,Stanley Johnson,DET,22,69,33,36,27.4,104.6,105.2,-0.6,8.6,1.45,13.7,1.7,11.5,6.5,9.4,43.5,48,16.1,97.81,5.9,3848
178,Zaza Pachulia,GSW,34,69,47,22,14.1,116.5,107.1,9.4,14.1,1.51,22.5,10,22.3,16.7,14.8,56.4,61.2,16.5,101.95,10.6,2065
193,Justin Jackson,SAC,23,68,21,47,22.2,101.2,108.8,-7.6,7.1,1.85,13.6,1.8,10.9,6.2,7.3,51,52.1,13.9,97.42,6.4,3054
193,Justise Winslow,MIA,22,68,33,35,24.7,103.8,102.9,1,13.4,1.92,19.6,3.7,17.8,10.7,10.2,47.4,49.6,15.8,97.72,9.2,3417
193,Kevin Durant,GSW,29,68,49,19,34.2,115.9,108.9,7,24.3,1.77,18.7,1.5,16.9,9.9,10.6,58.6,64,29.3,102.24,16.8,4954
193,Lauri Markkanen,CHI,21,68,23,45,29.7,101.5,110.5,-9,6.4,0.95,7.3,3.7,21.7,12.3,7.6,51.8,55.2,21.5,99.49,11.4,4183
193,Rondae Hollis-Jefferson,BKN,23,68,26,42,28.2,105.9,109.6,-3.7,14.3,1.38,14.6,5,17.5,11.3,10.6,48.1,54.8,21.7,101.18,11.9,4033
193,Trevor Booker,IND,30,68,36,32,17,105,105.7,-0.7,10.6,1.39,15.6,9.7,17.2,13.4,11.3,52.8,55.7,15.9,101.57,10,2448
199,Dennis Schroder,ATL,24,67,21,46,31,105.2,111.8,-6.7,35.2,2.28,22.5,2.1,8.1,5,9.9,46.9,51.5,29.9,98.94,11.6,4287
199,Dwyane Wade,MIA,36,67,37,30,22.9,106.4,105.1,1.3,24.5,1.63,20.1,3.2,12.4,7.9,12.4,46.2,50,25.1,100.71,10.4,3215
199,Eric Moreland,DET,26,67,32,35,12,100.3,99.3,1.1,14.1,1.9,30.8,9.6,24.3,16.8,16.2,54.1,53.1,9.7,96.25,10.3,1608
199,Gary Harris,DEN,23,67,37,30,34.4,111.7,108.2,3.5,12.8,1.63,15,1.6,6.1,3.9,9.2,57,59.7,20.4,98.41,9.8,4729
199,George Hill,CLE,32,67,28,39,27,108.5,111.8,-3.3,14.5,2.11,22,2.3,8.1,5.1,10.4,54.3,58,16.1,96.27,7.9,3633
199,Isaiah Taylor,ATL,23,67,18,49,17.4,103.2,103.9,-0.8,27.2,2.45,27.7,1.8,5.8,3.9,11.3,44.4,49.2,19.5,101.8,6.9,2467
199,Nemanja Bjelica,MIN,30,67,38,29,20.5,107.8,107.8,0,8.8,1.65,16.2,3.9,16.4,10.1,9.8,56.3,58.1,13.9,99.42,8.2,2843
199,Trevor Ariza,HOU,33,67,51,16,33.9,113.9,105.6,8.3,6.6,2.02,12.5,1.4,11.6,6.5,6.2,54.2,56.7,14.1,99,7.7,4674
207,Kevon Looney,GSW,22,66,45,21,13.8,110.7,104.6,6.1,6.2,1.35,14,9.4,13.5,11.6,10.3,58.3,58.8,12.1,100.71,7.9,1912
207,Larry Nance Jr.,CLE,25,66,32,34,21.5,104.9,103.9,1,8.5,1.61,13.5,10.7,19.9,15.2,8.4,58.4,60.5,15.5,101.03,12.8,2984
207,Mario Chalmers,MEM,32,66,21,45,21.5,102.3,104.8,-2.5,21.4,1.68,24.1,0.9,10.4,5.5,14.3,43.9,50.3,18.6,99.62,7.2,2956
207,Ryan Anderson,HOU,30,66,52,14,26.1,113.8,106.9,6.9,5,1.43,9.6,5.4,13.9,9.6,6.7,56.8,59.2,14.1,99.5,7.7,3579
207,Tyler Zeller,MIL,28,66,27,39,16.8,106.8,106,0.8,6.3,1,10.2,9.4,16.8,13.1,10.2,57.5,59.8,15.7,100.25,9.6,2318
207,Zach Collins,POR,20,66,41,25,15.8,107.6,106.3,1.3,7,0.9,12.5,4.4,16.3,10.5,13.9,45.8,47.5,15.3,96.46,5.2,2096
213,Garrett Temple,SAC,32,65,23,42,24.8,100.7,108.1,-7.4,11.5,1.57,17.4,1.3,8.4,4.7,11.1,51.2,53.6,16,96.56,6.5,3238
213,JaVale McGee,GSW,30,65,45,20,9.5,110.5,107.9,2.6,8,1.22,11,10.1,16.6,13.6,9,62.1,64.1,18.3,102.49,11.8,1316
213,Kent Bazemore,ATL,28,65,19,46,27.5,104.5,108.9,-4.5,19.9,1.45,19.9,1.4,12.4,6.9,13.7,50,54.7,22.1,99.1,9.9,3696
213,Manu Ginobili,SAS,40,65,39,26,20,107.7,105.6,2.1,19.3,1.55,20.7,1.5,9.3,5.4,13.4,50.3,55.3,20.5,98.67,8.5,2678
213,Myles Turner,IND,22,65,39,26,28.2,108.3,105.3,3,7.1,0.91,9.5,5.2,17.4,11.4,10.5,52.3,56.7,19.9,97.74,10,3739
213,Rajon Rondo,NOP,32,65,41,24,26.2,107.5,106.8,0.8,40.6,3.53,44.5,1.8,12.4,7.4,12.6,51.8,52.2,16.4,103.59,11.5,3675
213,T.J. Warren,PHX,24,65,18,47,33,103.3,112.2,-9,6.9,1,6.3,5.5,9.3,7.4,6.3,50.7,54.1,24.3,101.69,10.7,4526
220,Alec Burks,UTA,26,64,37,27,16.5,104.3,105.3,-1,10.4,1.12,11.3,1.9,16.8,9.4,10.1,46.7,52.7,22.1,98.03,10.1,2167
220,Andre Iguodala,GSW,34,64,46,18,25.4,109.1,101.3,7.9,16.9,3.13,33.1,3.3,10.9,7.4,10.6,51.4,53.6,11.2,101.15,8.1,3422
220,Brandon Paul,SAS,27,64,38,26,9,98.8,98.5,0.3,9.6,1.28,17.5,1.1,10.9,6,13.7,49.2,50.4,13.1,100.57,5.1,1200
220,Emmanuel Mudiay,NYK,22,64,29,35,19.4,102,111.5,-9.5,25.4,1.82,22.9,1.9,9.9,5.8,12.6,43.3,47.4,23.1,101.46,8,2622
220,Nicolas Batum,CHA,29,64,27,37,31,109.2,109.6,-0.4,25.5,2.66,29.6,2.8,12.4,7.5,11.1,48.6,52.3,17.8,100.07,10.4,4140
220,Robin Lopez,CHI,30,64,23,41,26.4,101.6,107.7,-6.1,11.9,1.16,13.6,7.4,9.3,8.3,11.7,53.3,55.2,20.3,99,8.7,3491
226,Daniel Theis,BOS,26,63,44,19,14.9,103.1,101.9,1.2,9.9,1,14.7,9.2,18.9,14.1,14.7,57.9,61.6,15,98.06,10.5,1901
226,Ekpe Udoh,UTA,31,63,36,27,12.9,103.6,100.3,3.3,9.3,2.65,24.4,8.6,10.5,9.5,9.2,50,56,8.9,99.21,7.2,1677
226,Elfrid Payton,PHX,24,63,13,50,28.7,103.9,115.6,-11.7,32.8,2.34,30.3,3.3,11.7,7.4,13,51.6,53.8,21.1,101.47,10.8,3818
226,Joel Embiid,PHI,24,63,41,22,30.4,110.6,98.9,11.7,18.2,0.85,11.7,7.8,25.5,17.3,13.8,51.4,57.3,33,101.09,17.7,4034
226,Josh Hart,LAL,23,63,27,36,23.2,106.4,108.3,-1.9,7.6,1.7,14.7,2.8,14.3,8.6,8.6,57.3,59.6,13.3,100.37,8.8,3047
226,Malik Monk,CHA,20,63,26,37,13.5,100.8,112.6,-11.8,17.8,1.86,15.6,0.8,6.9,3.7,8.4,45.8,47.7,24.1,101.57,6.3,1816
226,Treveon Graham,CHA,24,63,28,35,16.7,103.4,108,-4.6,8.2,2.19,17.7,3.6,7.9,5.6,8.1,52.5,55.3,11.2,99.36,4.7,2174
226,Wesley Matthews,DAL,31,63,20,43,33.8,103.8,111,-7.2,12.5,2.07,17.3,1.3,8.5,4.7,8.3,51.6,54.1,17.3,97.12,7.1,4307
234,Dewayne Dedmon,ATL,28,62,18,44,24.9,103.2,108.3,-5.1,9,1.06,13.2,6.5,24.9,15.8,12.4,57.7,59.9,16.6,99.61,11.9,3203
234,Deyonta Davis,MEM,21,62,16,46,15.2,101,109.3,-8.3,6.8,1.25,11,7.8,18.2,13,8.8,60.8,62.1,14.4,99.98,10.8,1965
234,Jarrett Jack,NYK,34,62,26,36,25,108.2,109,-0.7,30.2,3.03,37.1,1.4,10.6,6.1,12.2,45.5,48.9,16.4,98.12,8.9,3167
234,Malik Beasley,DEN,21,62,34,28,9.4,104.3,105.3,-1,7.7,1.29,12.6,2.3,9.5,5.8,9.8,48.9,50.9,15.1,102.96,6,1243
234,Reggie Bullock,DET,27,62,32,30,27.9,107.5,106.9,0.6,8.1,2.02,13.4,1.5,7.2,4.3,6.6,60.3,61.5,15.3,98.41,8.4,3551
234,Wes Iwundu,ORL,23,62,18,44,16.5,100.3,104.9,-4.6,8.4,1.9,17.5,3.3,10,6.5,9.2,44.7,48,11.4,97.62,5.3,2070
240,Austin Rivers,LAC,25,61,30,31,33.7,110,111.6,-1.7,17.9,2.22,19.8,1.3,5.8,3.5,8.9,50.8,52.6,20.6,97.78,7.3,4192
240,Cedi Osman,CLE,23,61,35,26,11,111.8,107.9,3.9,8.4,1.28,14.7,2.8,14.9,8.9,11.5,57,57.7,15.1,100.14,6.7,1394
240,Luc Mbah a Moute,HOU,31,61,52,9,25.6,111.4,101.7,9.7,5.2,0.81,10.8,1.5,10.2,6,13.4,57.2,59.5,12.8,98.83,6.7,3216
240,Salah Mejri,DAL,32,61,21,40,11.9,105.1,103.1,2,7.1,0.9,14.5,11.3,21.6,16.5,16.1,64.2,64.4,12.6,96.86,10.3,1466
240,Terrance Ferguson,OKC,20,61,37,24,12.5,104.9,109.4,-4.5,3.5,1.73,9.3,2.3,3.8,3,5.4,53.3,54.5,10.4,97.5,2.8,1543
245,Kyrie Irving,BOS,26,60,41,19,32.2,110,104.3,5.6,28.2,2.2,18.7,1.7,9.6,5.7,8.5,56.8,61,29.8,98.22,16.5,3968
245,Rodney Hood,CLE,25,60,29,31,26.9,106.6,108.9,-2.3,9.7,1.36,9.8,1.4,9.1,5.2,7.2,51.3,54.6,24,98.22,9,3309
245,Skal Labissiere,SAC,22,60,19,41,20.7,104.5,108.8,-4.3,8.8,0.99,11.1,7.8,15.7,11.7,11.2,46.7,51.3,20.4,97.64,8.4,2519
248,Brandon Ingram,LAL,20,59,27,32,33.5,104.7,107.5,-2.7,17.7,1.54,18.2,2.7,12.1,7.4,11.8,49.7,53.6,21.8,101.47,9.6,4168
248,Jimmy Butler,MIN,28,59,37,22,36.7,114.7,106.4,8.3,20.4,2.67,19.3,3.8,11.2,7.5,7.2,51.2,59,24.5,95.76,15.1,4325
248,Kevin Love,CLE,29,59,37,22,28,112.7,111.3,1.4,9.9,1.14,9.9,6.5,27.4,17.2,8.7,55.2,61.4,24.8,98.75,15,3410
248,Maurice Harkless,POR,25,59,36,23,21.4,105.3,105.5,-0.2,6.1,1.33,12.7,3.6,9,6.3,9.6,57.7,59.6,12.3,98.71,7.2,2605
248,Tim Frazier,WAS,27,59,31,28,14.2,102.4,108,-5.5,32.7,3.4,44.4,2.1,12.1,7,13,44.5,47.5,12.5,98.02,8.5,1715
248,Zach Randolph,SAC,36,59,18,41,25.6,102.5,114.7,-12.2,14.6,1.09,12.1,6.3,21.5,13.5,11.1,50.7,52.9,27,96.17,12.2,3028
254,Aaron Gordon,ORL,22,58,19,39,32.9,106.3,108.3,-2,11.1,1.27,11.3,4.4,19.1,11.6,8.9,50,53,23.8,100.43,11.3,3989
254,Blake Griffin,DET,29,58,28,30,34,108.9,107,1.9,28.6,2.02,20.4,3.6,17.5,10.6,10.1,49.3,54.4,28.5,98.54,14.4,4036
254,Chris Paul,HOU,33,58,50,8,31.8,116.6,103.3,13.2,38.9,3.57,31,2,15.1,8.6,8.7,55,60.4,24.1,98.6,16.6,3792
254,DeAndre Liggins,NOP,30,58,34,24,12.5,98,111.2,-13.2,9.1,2.4,27.3,1,10,5.4,11.4,46.7,46.7,7.9,98.48,3.5,1477
254,Langston Galloway,DET,26,58,28,30,14.9,101.8,97.6,4.2,10.5,3.22,13.4,1.4,8.9,5.1,4.2,48.1,50.3,18.8,98.17,8.6,1767
254,Vince Carter,SAC,41,58,20,38,17.7,103.4,106.7,-3.3,9.9,1.92,17.1,1.7,13,7.1,8.9,50.4,52.3,14.4,95.91,7.3,2050
260,Evan Fournier,ORL,25,57,20,37,32.2,107.1,110.3,-3.2,13.8,1.74,14.6,1.2,8.4,4.8,8.4,53.8,57.7,22.6,101.32,9.3,3881
260,Jordan Bell,GSW,23,57,43,14,14.2,113.2,104.3,8.9,16.6,2,28.6,8.2,16.2,12.6,14.3,62.7,64.1,13.4,101.77,11.1,1718
260,Jose Calderon,CLE,36,57,33,24,16,110.9,107.7,3.2,17.5,2.85,32.9,1.7,7.9,4.9,11.5,62.4,64.3,11.8,97.51,6.7,1860
260,Nikola Vucevic,ORL,27,57,17,40,29.5,106.1,107.5,-1.3,18.4,1.75,16.2,5.9,24.9,15.3,9.2,51.3,53.3,25.2,101.48,13.9,3565
260,Patrick McCaw,GSW,22,57,41,16,16.9,106.4,109.8,-3.5,11.3,1.98,22.4,1.7,6.5,4.2,11.4,45.1,47.7,12.5,100.58,4.6,2007
260,Rudy Gay,SAS,31,57,36,21,21.6,106.4,103.9,2.5,9.7,0.94,9.7,6,17.5,11.7,10.4,50.6,54.5,23.7,97.08,12.5,2499
260,Tim Hardaway Jr.,NYK,26,57,19,38,33.1,107.9,109.8,-1.9,12.3,1.68,13.1,1.6,9.9,5.7,7.8,49.6,53.3,22.9,99.13,9.1,3893
267,Andrew Harrison,MEM,23,56,17,39,23.7,101.3,108.5,-7.3,22.2,2.19,23.4,1.7,8.5,5.1,10.7,47.7,53.4,19.5,94.79,8.3,2614
267,Ben McLemore,MEM,25,56,7,49,19.5,97.9,111.4,-13.5,7.8,0.84,10,3,10.1,6.4,11.9,49.5,52.6,18.2,97.99,5.6,2219
267,Rudy Gobert,UTA,26,56,37,19,32.4,107.7,98.3,9.4,6.8,0.75,10.5,9.3,23.4,16.5,14.1,62.2,65.7,16.3,97.87,14.7,3700
267,Tyler Dorsey,ATL,22,56,15,41,17.4,101.5,108.7,-7.1,12.8,2.14,15.1,1.6,11.2,6.4,7.1,47.1,49.4,19.3,100.73,7,2043
271,Cristiano Felicio,CHI,25,55,13,42,17.8,94.8,111.2,-16.4,9.3,1.02,15.3,7.6,15.8,11.4,15,59.1,61.4,13.3,98.9,8.2,2012
271,JaMychal Green,MEM,28,55,11,44,28,102.5,110.5,-8,8.2,1.04,11.4,9.6,21.8,15.5,11,50.1,53,17.8,95.25,10.1,3057
271,Joe Johnson,HOU,37,55,35,20,21.9,101.3,104.9,-3.6,10.9,1.69,16.2,1.1,13,7,9.6,46.1,49,15.7,98.17,7,2468
271,Joffrey Lauvergne,SAS,26,55,30,25,9.7,100.5,106.3,-5.8,12.1,1.24,14.3,11.8,20.7,16.2,11.5,51.6,53.6,19.2,100.56,11.9,1118
271,Miles Plumlee,ATL,29,55,19,36,16.7,99.1,106.4,-7.3,7.4,0.71,14.2,8.2,16,12.1,19.9,58.3,57.4,12.7,100.64,7.1,1916
271,Nikola Mirotic,NOP,27,55,34,21,27.2,109.6,105.4,4.2,7.9,1.29,9,3.8,21.3,12.7,7,54.6,57.7,22.3,103.04,13,3214
271,Tony Parker,SAS,36,55,32,23,19.5,104.5,105.8,-1.2,28.2,2.87,28.4,0.7,8.3,4.5,9.9,47.2,49.8,20.1,96.93,9.4,2170
278,Devin Booker,PHX,21,54,16,38,34.5,102.9,112.2,-9.3,23.3,1.3,15.5,1.3,11.2,6.2,11.9,50.1,56.1,30.1,103.68,12.3,4036
278,Hassan Whiteside,MIA,29,54,30,24,25.3,102.1,105,-2.8,6.8,0.59,6.8,12.1,31.7,21.8,11.5,54.2,57.3,23.5,98.25,17.6,2792
278,Malcolm Delaney,ATL,29,54,16,38,18.8,101.9,106.4,-4.5,24.4,2.47,29.4,0.9,9,4.9,11.9,46.3,51.9,16.6,99.77,8.1,2104
278,Marcus Morris Sr.,BOS,28,54,34,20,26.7,106,105.3,0.7,8.2,1.11,8.9,2.9,16.6,9.7,8,49.9,54.1,22.2,98.49,10.6,2959
278,Marcus Smart,BOS,24,54,38,16,29.9,105.8,99.6,6.2,23.4,2.01,26.9,2.6,8.5,5.6,13.4,44,47.9,18.7,99.07,7.5,3334
278,Noah Vonleh,CHI,22,54,24,30,16.2,102.5,104.6,-2.1,5.9,1.1,10.5,7.4,26.5,16.7,9.5,48.7,50.9,14.2,98.37,10.8,1794
278,Paul Zipser,CHI,24,54,17,37,15.3,97.7,109.9,-12.2,8.6,1.07,13.7,1.5,14.7,7.8,12.8,42.5,44.5,15.6,96.96,4.2,1658
278,Shane Larkin,BOS,25,54,39,15,14.3,99,98.6,0.5,21,2.97,26.6,1.9,10.1,5.9,9,45.4,49.1,15.3,96.81,8.4,1565
278,Sterling Brown,MIL,23,54,26,28,14.4,102.5,105,-2.5,4.9,1,9.4,3.5,14.7,9.1,9.4,47.8,50.3,13.5,97.83,6.3,1578
278,Tyler Ennis,LAL,23,54,22,32,12.7,101.2,103,-1.7,23.4,2.76,27.6,2.6,10.1,6.5,10,45.1,47.3,16.9,101.29,8.1,1444
288,Arron Afflalo,ORL,32,53,16,37,12.9,100.9,107.6,-6.8,6.6,1.43,13.3,0.6,8.2,4.6,9.3,48.5,51.6,12.7,97.79,4.2,1388
288,Channing Frye,LAL,35,53,28,25,13.1,111.9,103.7,8.2,7.7,1.81,13.7,1.9,16.4,9.7,7.6,58.3,59.9,15.1,100.41,9.2,1451
288,Dwayne Bacon,CHA,22,53,25,28,13.5,104.6,104.7,-0.2,7.7,1.65,14.6,0.5,15.8,8.1,8.8,40.4,43.1,13,101.49,5.8,1514
288,Joe Young,IND,26,53,28,25,10.5,99.9,106.7,-6.8,10.3,1.5,14.9,2,9.1,5.5,9.9,49.7,52.1,16.9,98.73,7,1160
288,Mike Muscala,ATL,26,53,14,39,20,103.5,107.9,-4.4,7.4,1.21,11.8,4.9,15.2,10,9.7,55.8,59.7,14.9,102.51,9.6,2275
288,Omri Casspi,GSW,30,53,40,13,14,106.5,103.4,3.2,9.9,1.38,15.7,4.4,20.5,13.2,11.4,60.4,63.2,15.7,102.01,11.9,1577
288,T.J. Leaf,IND,21,53,31,22,8.7,101.4,113.1,-11.7,2.8,0.9,5.6,5.8,11.9,8.7,6.2,53.7,54.5,13.6,100.13,6.1,972
288,Tristan Thompson,CLE,27,53,27,26,20.2,107.7,113.2,-5.5,4.3,0.92,9.8,11.3,21,16.1,10.7,56.2,56.9,12.1,99.74,8.5,2221
296,Cheick Diallo,NOP,21,52,29,23,11.2,102.7,110,-7.4,4.8,0.68,7.6,7.9,26.2,17.3,11.2,58,61.9,16.8,103.07,11.8,1241
296,Frank Mason III,SAC,24,52,17,35,18.9,103.7,105.4,-1.7,23.3,2.26,22.9,3,10.7,6.7,10.1,42,48,22.6,94.37,9.1,1934
296,Kris Dunn,CHI,24,52,19,33,29.3,102.5,110.6,-8,31.9,2.07,26.3,1.5,13.1,7.1,12.7,46.2,48.8,24.5,100.45,9.5,3182
296,Lonzo Ball,LAL,20,52,24,28,34.2,104.7,105.3,-0.6,28.8,2.76,34,3.6,15.3,9.5,12.3,44,44.4,16.9,102.97,9.8,3821
296,Marreese Speights,ORL,30,52,15,37,13,104.9,103.4,1.6,10.4,1,8.8,3,15.2,9.3,8.8,51.9,53.9,26.5,99.52,8.9,1401
296,Michael Carter-Williams,CHA,26,52,23,29,16.1,103.5,106.9,-3.5,21.4,2.23,26.4,4,13.1,8.1,11.8,36.2,44.6,16.6,97.75,7,1699
296,Nene,HOU,35,52,42,10,14.6,115.2,98.1,17.1,9.3,1.18,12.3,7.4,15.6,11.6,10.4,56.9,59.4,18.3,102.06,9.2,1607
296,Sean Kilpatrick,CHI,28,52,22,30,12.3,101.7,110.3,-8.6,12.1,1.21,11.2,0.7,13.1,6.6,9.3,45.2,50.7,24.2,99.97,8.6,1334
296,Timothe Luwawu-Cabarrot,PHI,23,52,29,23,15.5,102.6,102.7,-0.1,9.8,1.42,14,1.7,6.4,4.1,9.9,47.4,51.1,16.8,102.87,4.1,1727
296,Tyreke Evans,MEM,28,52,19,33,30.9,106.5,106.4,0.1,30.4,2.3,21,2.7,13.7,8.3,9.1,52.3,56.1,27.7,95.78,16,3218
306,Greg Monroe,BOS,28,51,21,30,20.4,100.9,110.5,-9.6,18.9,1.21,17.6,10.4,24.4,17.2,14.5,56.5,59.8,21.8,99.86,15.3,2163
306,Jason Terry,MIL,40,51,27,24,16,107,105.5,1.5,9.8,2.36,24.6,0.6,5.6,3.1,10.4,51.3,52.5,9.7,99.4,4.7,1682
306,Stephen Curry,GSW,30,51,41,10,32,120.6,107.7,13,27.2,2.03,21.4,2.4,12.4,7.9,10.6,61.8,67.5,29,104.92,16.5,3575
306,Tarik Black,HOU,26,51,40,11,10.5,97.7,105,-7.3,4.2,0.37,6.5,10.8,18.1,14.4,17.4,59.4,58.2,14.7,101.28,7.3,1136
310,Jameer Nelson,DET,36,50,25,25,20.3,103.1,108.7,-5.7,25.5,2.67,35.9,1.3,8.8,5.2,13.4,47.3,48.9,13.7,100.34,6.5,2124
310,Luke Babbitt,MIA,29,50,15,35,14.3,105.6,108.3,-2.7,6.4,1.63,11.3,1,12.3,6.7,6.9,56.3,57.6,14.7,100.16,6.8,1495
312,Lucas Nogueira,TOR,25,49,36,13,8.5,105.5,96.2,9.3,7.4,1.38,16.9,4.4,16,10.3,12.3,64.4,66.1,11.4,99.77,10.6,872
313,Abdel Nader,BOS,24,48,33,15,10.9,97.1,107.3,-10.3,7.8,0.76,11.5,2.4,11.1,6.7,15,41.3,43.9,16.2,100.46,3.3,1093
313,D'Angelo Russell,BKN,22,48,16,32,25.7,105.2,112.4,-7.2,34.8,1.69,22.2,2.3,12.2,7.2,13.1,48.1,50.9,29.5,103.04,10.9,2652
313,DeMarcus Cousins,NOP,27,48,27,21,36.2,108.5,106.6,1.9,24.1,1.06,16.8,6.5,29.2,18.3,15.8,53,58.3,31.8,100.29,16.7,3634
313,Jared Dudley,PHX,32,48,7,41,14.3,106.6,106.4,0.1,15.3,2.79,32,1.1,12.6,6.7,11.5,51.2,55.3,10.2,100.97,6.2,1444
313,Jawun Evans,LAC,21,48,24,24,16.2,106.2,104.1,2.1,17.7,2.27,24,1.1,9.2,5.3,10.6,38.1,42.1,17,103.27,4.6,1661
313,Kristaps Porzingis,NYK,22,48,22,26,32.4,107.1,106.7,0.4,6.3,0.61,4.9,3.9,15.4,9.8,8,48.9,53.9,30.5,97.78,12.5,3165
313,Malcolm Brogdon,MIL,25,48,25,23,29.9,107.1,109.2,-2.1,16.5,2.3,20.1,1.7,9.7,5.8,8.7,54.7,57.8,18.9,97.05,9.4,2903
313,Richaun Holmes,PHI,24,48,30,18,15.5,104.1,105.7,-1.6,12.2,2.44,17.5,7.4,18.2,13.1,7.2,56.8,58.5,15.9,103.41,11.5,1601
313,Willy Hernangomez,CHA,24,48,20,28,10.3,103.2,103.1,0.1,10.9,0.94,12.1,11.5,24.8,17.9,12.8,57,60.4,20.3,101.23,13.4,1042
322,Avery Bradley,LAC,27,46,22,24,31.2,104,108.3,-4.2,10.5,0.93,11,1.4,6.8,4,11.8,47.4,49.6,22.9,97.72,6,2918
322,Tyson Chandler,PHX,35,46,15,31,25,100.9,111.1,-10.2,6.5,0.9,15.4,10.9,24.1,17.4,17.2,64.7,65.8,10.5,100.63,10.8,2413
324,Milos Teodosic,LAC,31,45,29,16,25.2,109.8,107.4,2.4,25.2,2.15,30.4,1.4,9,5.4,14.1,54.2,56.4,17.8,101.75,7.9,2418
324,Reggie Jackson,DET,28,45,27,18,26.7,107.1,106.6,0.4,33.1,2.4,24.5,2.3,8.4,5.2,10.2,47.1,51.6,26.5,96.84,10.8,2425
326,Damyean Dotson,NYK,24,44,11,33,10.8,98.6,101.4,-2.8,9.8,1.82,14.3,1.8,14.2,8.2,7.8,51.6,53.2,16.9,99.73,9.2,980
327,Ivica Zubac,LAL,21,43,19,24,9.5,99.8,94.7,5,9.5,0.96,12.8,10.1,16.8,13.5,13.3,50,55.7,17.2,102.02,10.8,870
327,Shabazz Muhammad,MIL,25,43,25,18,9.7,103,115.7,-12.7,5.5,2.33,6.1,5.7,13.6,9.5,2.6,46.5,51,22.5,99.74,9,866
329,Khem Birch,ORL,25,42,14,28,13.8,104.9,104,0.8,8.8,1.62,16.2,11.4,19.1,15.2,10,54,58.2,13.1,97.3,10.9,1173
329,Marcus Georges-Hunt,MIN,24,42,24,18,5.3,105.5,109.9,-4.4,4.5,2.33,10.4,3,4.3,3.6,4.5,47.9,51.5,11.1,102.48,1.7,473
329,Willie Reed,DET,28,42,20,22,10.2,107.8,105.1,2.8,3.5,0.53,5.7,8,20.5,14.2,10.9,67.4,67.1,15.9,103.72,11.5,920
332,Gerald Green,HOU,32,41,33,8,22.7,107.3,102.7,4.6,4.5,0.81,5.1,1.6,12.4,6.9,6.3,54,56.6,21.9,99.52,8.8,1929
332,John Wall,WAS,27,41,23,18,34.4,109.8,106.1,3.8,42.5,2.49,29.7,1.6,8.8,5.3,11.9,46.6,51.5,28.1,100.44,13,2958
332,Nik Stauskas,BKN,24,41,14,27,12.8,99.7,104.3,-4.6,11.5,1.5,16.9,0.7,10.7,5.7,11.3,51.9,54.3,15.9,99.94,7.2,1086
332,Raul Neto,UTA,26,41,28,13,12.2,104.9,95.4,9.5,23,2.08,27.1,1.4,7.9,4.8,13,52,55,17.3,100.31,8.8,1051
336,Andre Roberson,OKC,26,39,24,15,26.6,106.7,97.3,9.4,5.9,1.53,18,6.8,10.9,8.8,11.7,56.2,54.3,8.5,96.82,6.5,2087
336,Boban Marjanovic,LAC,29,39,18,21,8.7,109.8,103.5,6.3,10,0.61,8.8,15.1,27.4,21.5,14.4,53.4,61.6,27.6,102.36,16.6,725
336,Jerryd Bayless,PHI,29,39,21,18,23.7,102.2,105.5,-3.4,8.5,1.17,14.1,1.6,6.6,4.1,12,51.9,54.6,14.6,102.99,4.7,1983
336,Torrey Craig,DEN,27,39,22,17,16.1,108,110.9,-2.9,5.4,1.25,12.8,6.4,13.4,10,10.2,51.5,53.5,11.6,100.03,5.6,1300
336,Tyler Cavanaugh,ATL,24,39,11,28,13.3,105,107.1,-2.1,7.6,2.08,13.4,8.1,17.1,12.2,6.5,54.6,56.7,13.9,101.19,8.2,1092
341,C.J. Williams,LAC,28,38,17,21,18.6,105.4,106.7,-1.2,8.6,2.15,16,1.7,5.8,3.8,7.5,49.7,51.2,13.4,100.35,5.3,1470
341,Henry Ellenson,DET,21,38,21,17,8.7,97.5,97,0.5,9.8,1.11,10.2,2.9,20.8,11.8,9.1,43.2,47.6,23.3,100.62,9.6,685
341,Justin Anderson,PHI,24,38,27,11,13.7,98.3,105.4,-7.2,7.8,1.56,9.6,4.6,12,8.4,6.2,51.5,54,18.8,101.75,8.7,1099
341,Matthew Dellavedova,MIL,27,38,21,17,18.7,104.2,109.7,-5.5,29.6,2.96,40.8,2.1,7.5,4.7,13.8,45.7,50,13.4,97.01,6.1,1440
341,Paul Millsap,DEN,33,38,22,16,30.1,111.8,107.8,3.9,13.9,1.44,15.4,5.8,15.3,10.7,10.7,50.9,54.9,21.7,98.06,10.5,2340
341,Thabo Sefolosha,UTA,34,38,16,22,21.2,104.6,100.8,3.8,6.6,1.1,10.1,3.8,17,10.4,9.1,55.8,59.1,16.2,98.47,11.4,1649
347,Alex Caruso,LAL,24,37,16,21,15.2,100.5,100.8,-0.3,18.5,1.79,30.4,2.6,8.6,5.6,17,48.7,51.9,12.8,102.64,6.2,1202
348,Al Jefferson,IND,33,36,17,19,13.4,105.4,107.2,-1.8,9.8,1.43,11.1,6.1,22.7,14.4,7.7,53.4,56.3,21.8,98.07,13.5,991
348,Chandler Parsons,MEM,29,36,12,24,19.2,105.7,111.7,-6,15.8,1.97,19.8,2.1,11.7,6.8,10,57.1,57.8,18,97.61,9.2,1406
348,Ivan Rabb,MEM,21,36,6,30,14.3,102.5,110.9,-8.4,9.5,0.91,13.6,10.2,21.6,15.7,14.9,56.6,59.9,16.7,98.87,11.1,1059
348,Johnny O'Bryant III,CHA,25,36,15,21,10.5,94.1,104.8,-10.7,6.7,0.93,6.6,6.3,17.3,11.2,7.1,43.9,47,21.9,100.8,8,795
348,Mike James,NOP,27,36,11,25,19.1,103.5,106.1,-2.6,27.9,2.57,23.6,1.7,10.4,6,9.2,42.4,46.9,23.7,105.83,10,1513
348,Trey Burke,NYK,25,36,10,26,21.8,111.1,115.3,-4.2,32.9,3.95,27.4,1.7,7.4,4.5,6.9,55.2,56.3,24.9,98.67,12.9,1607
354,Jake Layman,POR,24,35,22,13,4.6,94.7,106.2,-11.5,9.9,2.2,17.2,2.4,7.8,5,7.8,34,35.2,13.9,99.25,2.7,340
354,Wayne Selden,MEM,23,35,10,25,19.8,100.3,108.7,-8.4,15.4,1.22,15.9,2.3,6,4.1,13,52.2,55.1,21.2,100.36,7.2,1455
356,Cody Zeller,CHA,25,33,14,19,19,106.8,104.7,2.1,7.5,0.94,12.1,9.7,18.4,13.8,12.9,55.1,60.2,15.2,99.8,9.6,1302
356,Guerschon Yabusele,BOS,22,33,24,9,7.1,101,101.8,-0.8,10.7,1.33,16.2,6.5,15.2,10.5,12.1,52.5,55.9,14.6,99.96,8,488
356,Jason Smith,WAS,32,33,15,18,8.6,95.5,111.3,-15.8,8.4,0.88,9.2,6,12.2,9,10.5,40.9,45.5,20.4,102.74,4.6,616
356,Meyers Leonard,POR,26,33,17,16,7.7,103.3,112.1,-8.8,11,1.7,15.6,4.7,25.1,14.4,9.2,66,67.6,15.5,100.77,12,538
356,Quinn Cook,GSW,25,33,21,12,22.4,106.2,108.4,-2.2,17.9,2.78,23.2,1.4,9.4,5.5,8.3,57.5,59.3,17.6,98.82,8.7,1522
361,Aaron Brooks,MIN,33,32,19,13,5.9,98.5,115.7,-17.2,16.1,1.82,19,3.6,5.7,4.6,10.5,48.6,50.8,19.2,100.86,4.4,395
361,Ante Zizic,CLE,21,32,21,11,6.7,105.7,114.9,-9.1,3.9,0.45,5.3,11.2,17.9,14.5,11.7,73.1,74.6,17.1,101.27,13.2,453
361,Isaiah Thomas,LAL,29,32,15,17,26.9,107.9,114.8,-6.9,26.8,1.61,21,1.9,5.6,3.7,13.1,43.8,50.8,27.6,103.05,7.7,1854
361,Kenneth Faried,DEN,28,32,16,16,14.4,103.2,108.1,-5,6.4,0.78,8.5,13.5,19.3,16.2,10.8,51.4,55.2,17.3,98.71,10.8,950
361,Kobi Simmons,MEM,20,32,6,26,20.1,100.7,117.7,-17,15.7,1.55,21.8,2.1,6.2,4,14.1,45.2,49,16.3,97.89,4.6,1316
361,Kyle Collinsworth,DAL,26,32,9,23,15,105.3,107.4,-2.1,16.3,2.33,28.6,6,16.2,10.7,12.2,40.4,43.3,12.4,97.39,6.6,969
367,Dakari Johnson,OKC,22,31,21,10,5.2,98.2,87.3,10.9,8.3,2.67,13.3,9.9,11.1,10.5,5,56.4,57.5,13.9,98.01,8.9,328
367,Jabari Parker,MIL,23,31,16,15,24,105.9,109.7,-3.9,12.9,1.31,12.8,5.5,14.5,10,9.8,52.9,55,22.8,100.62,11.1,1555
367,Timofey Mozgov,BKN,31,31,12,19,11.6,93.4,106.2,-12.8,5,0.33,7.3,8.3,17.8,12.9,22,58.1,61.7,16.1,104.62,8.5,789
370,Dion Waiters,MIA,26,30,16,14,30.6,100.9,106.2,-5.3,21,1.61,18.1,0.9,7.8,4.3,11.2,46.1,48.7,25,96.49,7.6,1851
370,Nerlens Noel,DAL,24,30,6,24,15.7,93.8,106.1,-12.3,7,0.77,12.3,9.2,27.3,17.4,16,52.4,55.8,13.1,99.28,11.5,976
370,Tyrone Wallace,LAC,24,30,17,13,28.4,106.1,107.6,-1.5,11.5,1.54,17.7,2.4,9.1,5.8,11.5,46.6,51.7,15.9,103.25,6,1833
373,Dwight Buycks,DET,29,29,10,19,14.7,101,100.5,0.6,24,1.51,18.7,2.8,6.7,4.7,12.3,45.2,49.8,26.6,97.24,8.4,865
373,Ron Baker,NYK,25,29,12,17,13.3,107.1,103.9,3.2,16.1,2.61,34.3,1.4,6.4,4,13.1,43.2,50.4,10.2,98.64,5.8,786
375,Brandan Wright,HOU,30,28,11,17,13.6,103,97.7,5.3,5.6,1.63,9.5,8.6,16.1,12.4,5.8,57.8,59.6,14,97.98,14,778
375,Jahlil Okafor,BKN,22,28,7,21,12.6,92.6,115.2,-22.6,7,0.57,6.6,5.8,19,12.2,11.5,56.2,58.4,21.6,97.47,10.5,716
375,Ramon Sessions,WAS,32,28,10,18,14,99.9,110.7,-10.8,29.7,2.57,30.8,1.5,8.6,4.9,12,39.3,47.9,18.7,98.82,7.9,810
375,Rashad Vaughn,ORL,21,28,13,15,7.6,104.9,106.7,-1.8,9,2.17,16.7,1.6,8.5,5.2,7.7,53.6,54.6,13.7,97.15,6.3,427
379,Caleb Swanigan,POR,21,27,16,11,7,95.9,99,-3.1,12.4,0.78,14.1,7.5,20.7,13.9,18.2,40.8,44.9,18.9,98.99,5.4,391
379,Jonathan Isaac,ORL,20,27,11,16,19.8,93.2,101.8,-8.6,5.3,0.67,9,2.9,14.1,8.7,13.5,43.4,46.5,14.9,100.23,7.1,1116
381,DeAndre' Bembry,ATL,23,26,8,18,17.5,99.2,106.7,-7.5,16.6,1.04,20.5,1.7,14.2,7.9,19.7,45.7,47.7,17.9,100.86,6.3,955
381,Emeka Okafor,NOP,35,26,16,10,13.6,103,102.7,0.3,2.8,0.62,6.4,12,17.5,14.8,10.4,50.5,54.5,13.3,105.18,9.6,773
381,Malachi Richardson,TOR,22,26,8,18,12.4,100.2,108,-7.8,5.8,1.3,10.6,1.5,9.7,5.3,8.1,40,44.6,14.9,98.58,3.5,662
384,Alex Poythress,IND,24,25,10,15,4.2,102.8,115.8,-13,2.6,1,6.7,6.1,10.2,8,6.7,50,50,11.2,97.73,3.2,215
384,Cameron Payne,CHI,23,25,7,18,23.3,103.2,110.7,-7.5,29.4,3.14,30.5,2.7,8.9,5.6,9.7,48.6,49.8,18.3,100.37,8.8,1217
384,Derrick Rose,MIN,29,25,15,10,16.8,107.7,113.9,-6.2,13.6,1.06,13.2,3.3,5.3,4.3,12.5,45.4,50.7,24.5,102.47,6.8,896
384,Juancho Hernangomez,DEN,22,25,15,10,11.1,105.1,109.2,-4.2,6,1.33,11.9,6.2,13.9,9.8,8.9,48,51.1,13.4,99.44,6.1,574
388,Andrew Bogut,LAL,33,24,7,17,9,95.2,100.2,-5.1,9.9,0.79,25,10.4,22.3,16.2,31.7,68,69.6,8.5,101.59,8.1,455
388,John Holland,CLE,29,24,17,7,7.3,103.5,112.3,-8.8,4,0.63,6.4,3.6,10.4,7,10.3,38.1,41.7,17.8,101.12,3.4,369
388,Ryan Arcidiacono,CHI,24,24,6,18,12.7,100.2,102.5,-2.3,16.1,2.69,38,0.3,7.7,3.9,14.1,52.4,55,8.1,100.14,5.7,630
388,Terrence Ross,ORL,27,24,10,14,25,103.9,107.7,-3.8,8.8,1.31,14,1.6,10.2,5.9,10.7,47.6,50.5,16.6,102.21,6.1,1279
388,Zach LaVine,CHI,23,24,9,15,27.3,102.6,114.7,-12.1,18.7,1.67,14,1.3,13.8,7.1,8.3,44.2,49.9,29,100.31,9.2,1369
393,Danuel House Jr.,PHX,25,23,6,17,17.5,106.7,103.4,3.2,9.2,2.27,14.1,3.2,14,8.8,6.2,49.2,53.3,16,100.74,9.1,841
393,Gary Payton II,LAL,25,23,10,13,9.6,109.9,104.9,4.9,13,3,19.8,5.6,14.4,9.8,6.6,44.6,44.3,16.2,100.19,5.8,456
393,Glenn Robinson III,IND,24,23,14,9,14.7,103.3,103.9,-0.6,6.8,3.4,15.2,3,7.8,5.2,4.5,50.6,52.9,11.9,98.83,7.1,697
393,Jordan Mickey,MIA,23,23,15,8,12.4,101.4,107.4,-6,5.1,0.5,7.7,6.5,22.6,14.6,15.4,48.8,51.5,16.8,95.98,8,570
393,Julyan Stone,CHA,29,23,10,13,7.6,106.6,97.3,9.3,18.7,3.71,55.3,0.5,15.3,7.9,14.9,69.2,68.4,5.1,103.69,6,379
393,Quincy Pondexter,CHI,30,23,6,17,8.5,88.3,109.1,-20.8,7.8,0.82,11.7,3.5,10.3,6.6,14.3,31.6,39.8,15.1,99.34,1.9,402
393,Shaquille Harrison,PHX,24,23,3,20,16.7,107.9,101.8,6.1,19.9,2.5,25.3,2.3,13,7.7,10.1,50,54,17.3,104.62,10.1,836
400,D.J. Wilson,MIL,22,22,12,10,3.2,82.2,112.9,-30.7,7.5,0.75,12.5,2.9,15.7,8.3,16.7,62.5,62.2,12.7,100.93,6.5,152
400,JaKarr Sampson,SAC,25,22,6,16,15.6,99.9,100,-0.1,4.1,1.13,8.7,5.8,16.1,11,7.7,57.4,58.5,12.4,95.24,8.7,684
400,Tony Allen,NOP,36,22,12,10,12.4,101.7,103.7,-2,5.1,0.47,7,7.4,9.1,8.3,14.7,50.5,51.4,18.1,104.7,3.6,591
403,Cole Aldrich,MIN,29,21,14,7,2.3,100.9,102.7,-1.8,8.1,3,13.6,5.7,28.6,15.8,4.5,33.3,34,15.1,108.42,2.8,110
403,Danilo Gallinari,LAC,29,21,11,10,32,104.5,104.2,0.3,9.7,1.58,11.3,1.3,13.3,7.3,7.2,46.9,54.5,20.5,97.96,10.3,1373
403,Davon Reed,PHX,23,21,2,19,11.5,91.1,105.4,-14.2,8.7,1.3,12.4,0.7,14.9,7.2,9.5,36.2,38.8,15.8,102.97,4.7,519
403,Dorian Finney-Smith,DAL,25,21,4,17,21.3,100,102.7,-2.7,8.6,1.24,14.9,4.3,12.1,7.9,12,46.3,48.2,14.4,97.69,5.1,913
403,Troy Williams,NYK,23,21,7,14,14.6,108,112,-3.9,7.1,0.84,10.3,7.1,13.7,10.3,12.2,51.8,54.4,19.2,101.48,7.9,647
408,Alec Peters,PHX,23,20,2,18,11.2,108.9,101.7,7.3,7.3,3,12.9,3.2,12,7.6,4.3,50,52.3,15.1,102.68,7.1,481
408,Bobby Brown,HOU,33,20,17,3,5.7,91.1,115.5,-24.5,19,1.22,13.9,0,6.1,2.9,11.4,42.2,42.5,25.2,102.53,3.9,246
408,Derrick Jones Jr.,MIA,21,20,9,11,12.3,96.8,103.2,-6.5,5.6,1.29,11.3,7.7,6.6,7.2,8.8,42.5,48,12.4,97.11,4.6,494
408,Isaiah Canaan,PHX,27,20,9,11,21.1,109.2,108,1.2,27.6,2.62,28.8,1.4,9.4,5.4,11,46,53.9,19.3,97.72,9.6,863
408,Luke Kornet,NYK,22,20,6,14,16.3,102.2,111.5,-9.3,11.4,2.17,15.6,3.2,15.8,9.4,7.2,50.4,51.6,18.9,100.19,8.3,678
408,Myke Henry,MEM,25,20,3,17,18.9,105.6,109.7,-4.1,8.3,1.16,14.3,2.6,8.1,5.2,12.3,46.3,47.2,14.8,99.15,5.3,782
408,Richard Jefferson,DEN,38,20,10,10,8.2,97.1,110.3,-13.2,13.5,3,30,1.1,9.9,5.2,10,48.1,49.9,8.9,100.04,4.7,342
415,Antonio Blakeney,CHI,21,19,3,16,16.5,108.2,109.4,-1.3,9.6,1.82,10.6,1.1,8.9,4.9,5.8,42.3,47.1,22.7,99.24,6.4,650
415,Chris McCullough,WAS,23,19,11,8,4.7,99,111.2,-12.2,8.2,2,7.3,7,18.8,12.8,3.6,44,47.8,21.9,106.94,10.3,204
415,Damien Wilkins,IND,38,19,10,9,8,110.5,103.6,7,7.5,1.8,16.4,3.1,7.2,5.1,9.1,38.5,40.5,12.5,97.79,3.4,313
415,Darrell Arthur,DEN,30,19,12,7,7.4,99.7,110.1,-10.5,10.1,0.6,12.5,2.1,8.7,5.4,20.8,55.3,55.9,18.8,104.17,3.9,305
419,Briante Weber,MEM,25,18,8,10,13.1,99.4,121,-21.6,13.9,1.47,25.9,3,13,7.4,17.6,48.8,52.7,11.1,101.68,5.8,502
419,Brice Johnson,MEM,24,18,2,16,5.4,98.6,100.9,-2.3,3,0.4,3.9,8,22.7,14.8,9.8,47.6,48.6,19.3,106.57,10.6,216
419,Isaiah Hicks,NYK,23,18,4,14,13.3,102,109.7,-7.7,9.8,1,14.2,4.1,11.8,8.1,14.2,47.2,50.1,17.5,100.22,3.3,497
419,Josh Magette,ATL,28,18,3,15,12,103.1,103.6,-0.5,37,6.33,49.1,0.9,7.9,4.3,7.8,41.3,46.4,11.9,99.81,8.5,450
419,Kadeem Allen,BOS,25,18,9,9,6,91.6,100,-8.4,16.7,1.33,25.5,3.4,6.7,4.9,19.1,27.3,36.6,13.2,101.43,0.6,226
419,Omer Asik,CHI,31,18,7,11,10.1,104.5,110.9,-6.4,2,0.33,7.5,5.4,20.8,13.4,22.5,40.9,39.7,9,100.81,2.7,379
419,Rodney McGruder,MIA,26,18,11,7,16.6,111.9,106.5,5.5,7.5,4.25,17.5,3.5,7.8,5.5,4.1,59.6,59.5,11.4,96.89,6.6,604
419,Zhou Qi,HOU,22,18,14,4,6.9,81.5,107.6,-26.1,2.8,0.2,4,4.2,11.6,7.8,20,21.9,29.5,16.3,102.22,-0.5,265
427,Antonius Cleveland,ATL,24,17,7,10,7.2,87.2,101.1,-13.9,2.5,0.29,6.1,2.2,8.5,5.2,21.2,45.2,48.6,10.7,102.83,0.5,258
427,Derrick White,SAS,23,17,7,10,8.2,101,87.5,13.5,9.8,1.5,15.5,3.4,12.8,8.4,10.3,60.6,64.6,14.6,103.45,12.4,294
427,Georgios Papagiannis,POR,20,17,3,14,7.2,110.5,114.2,-3.7,9.7,1.13,15.3,10,21.6,15.4,13.6,42.9,42.9,17,100.65,7.1,257
427,Travis Wear,LAL,27,17,7,10,13.4,104,101.9,2.1,4.5,1.17,7.9,0,16.3,8.1,6.7,46.5,49.7,15.2,101.04,5.2,480
431,Derrick Walton Jr.,MIA,23,16,8,8,9.2,97,107.5,-10.5,17,8,34.8,1.4,9.5,5.6,4.3,46,52.5,9.2,96.35,8.2,296
431,Isaiah Whitehead,BKN,23,16,2,14,11.2,96.6,99,-2.3,21.3,0.83,14.5,2.2,11.3,6.9,17.4,50.6,53,27.4,102.46,8.7,384
431,Jalen Jones,DAL,25,16,3,13,11.3,109.3,115.9,-6.6,3.2,0.57,4.6,6.3,15.4,10.4,8,45.6,48.5,19.3,97.26,5.1,364
431,Kay Felder,DET,23,16,6,10,8.7,90.2,105.4,-15.1,24.7,1.25,17.9,1.9,10.8,6,14.3,32.9,37.9,28,102.34,3.8,296
431,Rodney Purvis,ORL,24,16,5,11,18.1,98.3,107.4,-9.1,9.2,1.7,12.1,0.3,8.5,4.3,7.1,38.8,42.3,18.7,98.13,3.2,590
436,Andrew White III,ATL,25,15,1,14,13.9,91.6,110.3,-18.6,5,0.75,6.8,1.6,13.3,7.2,9.1,46.6,46.1,16,103.53,4.9,455
436,Damian Jones,GSW,23,15,7,8,5.9,98.4,97.8,0.5,3.7,0.5,6.7,6,9.3,7.8,13.3,50,51.7,14.3,99.29,3.3,183
436,Damion Lee,ATL,25,15,4,11,27,100.7,104.3,-3.6,10.9,2.07,14.1,2.4,13.8,8,6.8,45.7,48.9,18.2,102.25,8.6,865
436,Demetrius Jackson,PHI,23,15,12,3,5.3,86.2,110.3,-24.1,18.8,0.9,23.7,6,8.6,7.3,26.3,41.7,42.4,15.6,99.66,3.7,167
436,Jamel Artis,ORL,25,15,4,11,18.6,103.5,104.4,-0.9,9.8,2.25,16.4,1.3,11.9,6.4,7.3,44.3,45.7,14.2,97.12,6.2,564
436,Jamil Wilson,LAC,27,15,6,9,18.3,106.2,105.4,0.8,5.6,1.25,9.9,1,10,5.5,7.9,63.6,63.4,14.5,97.05,6.7,551
436,Malcolm Miller,TOR,25,15,15,0,8.4,105,102.3,2.7,3.4,0.6,7.9,3.1,9,6,13.2,60.7,63.8,11.4,98.86,5.4,259
436,Nick Collison,OKC,37,15,9,6,5,97.4,100.6,-3.2,8.7,0.57,11.1,8.6,17.6,12.9,19.4,68.4,62.7,18.1,100.1,9,156
436,Thomas Bryant,LAL,20,15,7,8,4.8,100,105.9,-5.9,12.8,3,18.2,4.1,19.7,11.7,6.1,40.5,44.1,16.1,101.6,7.5,153
445,Alfonzo McKinnie,TOR,25,14,13,1,3.8,101.8,114,-12.3,2.7,0.33,5,2.2,9.8,6.6,15,63.3,64.3,15.8,102.4,5.2,114
445,Brandon Jennings,MIL,28,14,8,6,14.7,97.7,110.8,-13.1,33.1,2.44,32.1,2.2,13.1,7.3,13.1,43.8,47.8,19.1,101.55,9.7,431
445,Dante Exum,UTA,22,14,10,4,16.8,106.5,98.4,8.1,27,2.15,26.1,1.8,8.3,5.3,12.1,51.1,56.6,22.3,101.72,11.7,493
445,Darrun Hilliard,SAS,25,14,8,6,6.8,112.2,106.6,5.6,14.7,2.75,29.7,0,8,4,10.8,26.3,36.2,11.9,99.08,2.6,197
445,Furkan Korkmaz,PHI,20,14,11,3,5.7,90.5,119.8,-29.3,7.7,2,11.1,2,12.3,6.4,5.6,37.5,38.6,15.9,105.65,1,179
445,Iman Shumpert,SAC,28,14,9,5,19.7,108.4,103.1,5.4,8.4,1.06,17.3,2.6,11.3,7.2,16.3,44,48,12.5,101.06,4.9,580
445,London Perrantes,CLE,23,14,8,6,4.7,106,122,-16,10.2,5,23.8,1.5,6.4,3.5,4.8,15.4,23,10.1,97.06,-0.8,133
445,Lorenzo Brown,TOR,27,14,9,5,9.9,105.1,90.7,14.3,12.5,4.33,25.5,0.8,9.7,5.6,5.9,44.1,45.9,12.3,94.75,7.6,277
445,Markelle Fultz,PHI,20,14,11,3,18.1,100.9,96.1,4.8,29.4,3.12,27.7,3.9,10.5,7.4,8.9,40.5,41.6,21.8,107.3,9.4,562
445,Udonis Haslem,MIA,38,14,9,5,5.1,91.4,92.3,-0.9,11.9,2.5,21.7,3.9,9.2,6.5,8.7,23.3,25.2,11.3,94.11,2.1,139
455,Charles Cooke,NOP,23,13,8,5,2.9,84.3,100,-15.7,3.8,1,5.9,0,4.9,2.2,5.9,17.9,20.2,16.3,102.03,-3.4,83
455,Jabari Bird,BOS,23,13,8,5,8.8,108.7,102.1,6.6,9.9,1,17,5.5,10.5,8.1,17,63.5,61.5,14.1,100.58,7.6,241
457,Bruno Caboclo,SAC,22,12,4,8,8.9,99.5,97.1,2.4,5.6,1,9.8,6.2,14.6,10.2,9.8,33.9,38.6,15.2,95.28,5.2,214
457,Kyle Singler,OKC,30,12,5,7,4.9,93.4,92.7,0.7,5.7,0.67,6.3,1.6,14.3,8,9.4,38.1,43,21.9,99.52,4.9,121
457,Mike Conley,MEM,30,12,7,5,31.1,102.6,105.1,-2.6,23.4,2.72,18.8,0,7,3.6,6.9,45.2,52,26,95.68,10.9,745
457,Solomon Hill,NOP,27,12,8,4,15.6,101.9,107.1,-5.2,14,2.44,29.3,4.6,12.4,8.7,12,31.7,33.2,11.3,107.48,3.3,417
461,Ike Anigbogu,IND,19,11,5,6,2.7,104.6,130.2,-25.5,0,0,0,15.2,13.8,14.5,14.3,44.4,55.8,17.9,103.12,10.9,65
461,Johnathan Motley,DAL,23,11,1,10,16,100.9,104.3,-3.4,7.8,0.78,6.7,7.1,20,13.1,8.7,54,55,24,94.9,12.6,345
461,Patrick Beverley,LAC,29,11,5,6,30.3,110.9,104.9,6,15,1.28,17.4,4.7,9.2,6.9,13.6,50.4,53,19.8,95.99,7.6,660
464,James Webb III,BKN,24,10,1,9,12,98,111.3,-13.3,4.4,1,12.5,5.9,13.8,9.6,12.5,33.3,33.3,9.9,100.26,1.9,254
464,Jeff Withey,DAL,28,10,2,8,3.9,106,81,25,0,0,0,2.3,22,11.9,10.5,43.8,44.4,20,102.6,8.4,84
464,Larry Drew II,NOP,28,10,6,4,7,100.7,109.8,-9.1,19.6,3.33,27,4.5,0,2.2,8.1,35.4,35.4,17,98,0.9,143
464,Milton Doyle,BKN,24,10,2,8,12.5,96.6,101.9,-5.3,12.2,5,16.1,2.1,12.5,6.9,3.2,31.9,33.7,17.3,102.15,3,266
464,Mirza Teletovic,MIL,32,10,4,6,15.9,98.2,108.6,-10.4,10.3,1.43,13.5,2.1,12.8,7.7,9.5,62.3,62.3,18.3,98.46,9.7,327
469,Aaron Harrison,DAL,23,9,2,7,25.9,98.1,112.2,-14.1,7.2,3.67,12.1,1.5,9.1,4.9,3.3,34.1,39.2,14.7,98.98,2.2,479
469,Georges Niang,UTA,25,9,9,0,3.5,80.6,98.6,-18.1,16.7,1,16.7,10.3,18.2,14.5,16.7,36.4,37.9,19,109.09,8.6,72
469,Kawhi Leonard,SAS,27,9,5,4,23.3,99.3,95.4,3.9,19.1,1.31,12.8,2.9,15.9,9.8,9.8,51.8,57.2,30.4,98.81,18.2,432
469,Nigel Hayes,SAC,23,9,6,3,13.6,99.6,95.7,3.8,7.7,3,14.3,3,14.5,8.6,4.8,39.4,39.3,13.1,92.33,6.1,235
469,Tony Bradley,UTA,20,9,6,3,3.2,93.8,96.8,-2.9,5.6,0,7.7,10.5,25,16.7,0,27.3,33.7,15.8,104.74,8.8,65
474,Jon Leuer,DET,29,8,5,3,17.1,96.7,94.9,1.8,5.1,0.71,9.3,4.9,17.9,11.3,13,41.7,50.5,15.1,104.64,7,301
474,Marshall Plumlee,MIL,25,8,5,3,6.5,91.1,89.6,1.5,6.3,0.67,12.5,7.4,24.5,15.9,18.8,33.3,69.7,11.1,105.27,8.3,112
476,Gian Clavell,DAL,24,7,0,7,9.1,104.5,89.6,14.8,7.1,1.5,12.5,1.6,10.2,5.7,8.3,50,53,14.7,101.46,4.5,134
476,Jack Cooley,SAC,27,7,4,3,12.5,95.4,100,-4.6,12.8,2,13.3,13.1,18.4,15.5,6.7,48.1,56.6,18.5,94.05,14.3,173
476,Joakim Noah,NYK,33,7,1,6,5.7,84.3,86.2,-1.9,20,1,20,12.8,20,16.1,20,50,51,16.2,105.22,11.4,89
476,MarShon Brooks,MEM,29,7,2,5,27.5,115.3,115.7,-0.4,20.5,1.56,16.4,3.9,7.7,5.6,10.5,59.3,62.9,27.1,97.95,14.7,398
476,Wade Baldwin IV,POR,22,7,4,3,11.5,104.2,98.2,6,9.3,1.25,14.7,1.4,9,5.4,11.8,76.2,74.8,15.9,100.49,9.4,166
481,Daniel Hamilton,OKC,22,6,5,1,4.6,78.9,101.8,-22.8,61.5,4,38.1,0,16.7,8.3,9.5,54.5,54.5,20,97.81,18.6,57
481,James Young,PHI,22,6,4,2,10.2,90.2,110.6,-20.4,5.3,2,10,0,2.9,1.6,5,46.4,51.1,13.1,96.22,2.4,122
481,Jaylen Morris,ATL,22,6,2,4,16.4,87.1,105,-17.9,13,1.17,15.6,1.8,12.5,7.2,13.3,43.8,43.8,15.4,106.49,7.7,217
481,Joel Bolomboy,MIL,24,6,3,3,6.3,75.6,93.8,-18.1,0,0,0,13.3,12.1,12.8,18.2,50,52.1,11.5,103.24,7.1,82
481,Okaro White,CLE,25,6,2,4,13.3,101.2,100.6,0.6,3.4,2,10,4.1,9.9,7.1,5,56.3,57.7,10.1,100.15,5.7,165
481,Xavier Munford,MIL,26,6,2,4,3.5,90.5,113.6,-23.2,36.4,2,30.8,5,0,2.8,15.4,16.7,21.8,18.4,99.45,-4.7,42
487,Adreian Payne,ORL,27,5,0,5,8.5,103.5,115.9,-12.4,0,0,0,4.4,22.6,11.8,13.3,80,83.1,15.5,98.15,12,86
487,Alan Williams,PHX,25,5,1,4,14.1,90.9,90.8,0.1,19.5,1.14,21.6,3.9,26,14.8,18.9,38.9,45.5,18.4,97.25,8.9,143
487,Jacob Wiley,BKN,23,5,1,4,6.7,94.4,76.4,18.1,9.1,0,28.6,5.3,22.5,14.1,0,37.5,41,6.3,103.92,8.4,72
487,Jordan Crawford,NOP,29,5,3,2,10.7,110.7,125.2,-14.5,35.1,2.6,28.9,3.6,3.6,3.6,11.1,59.3,60.1,23,110.35,9,122
487,Josh Gray,PHX,24,5,0,5,17.3,81.6,116.7,-35.1,24,1.71,18.5,1.7,10.4,5.1,10.8,30.5,34.9,24.3,106.07,4.1,190
487,Marcus Paige,CHA,24,5,4,1,5.6,121.1,105.2,15.9,14.3,0,16.7,0,16.7,7.3,0,35.7,40.3,22.4,98.51,7.7,57
487,Nate Wolters,UTA,27,5,3,2,3.8,105.4,105.9,-0.5,7.7,0,14.3,4.5,5.6,5,0,16.7,16.7,12.5,90.72,-2.6,37
487,RJ Hunter,HOU,24,5,3,2,9,96.7,95.7,1.1,11.1,1.5,12,0,9.4,4.9,8,42.5,45.5,21.4,97.96,5.2,92
487,Vander Blue,LAL,25,5,1,4,9,103.2,85.6,17.6,8.6,1,25,0,2.2,1.3,25,20,25.5,8.5,102.59,-1.4,95
487,Walt Lemon Jr.,NOP,25,5,4,1,7,109,123.5,-14.5,17.2,1.25,19.2,0,6.5,3.3,15.4,46.9,49.1,25.6,108.71,3,78
487,Xavier Rathan-Mayes,MEM,24,5,0,5,23.6,89.6,113.7,-24.2,24.7,1.64,24,0,5.3,2.2,14.7,29.8,31.5,20.7,101.26,-1.1,249
498,Erik McCree,UTA,24,4,4,0,1.9,82.4,127.8,-45.4,0,0,0,0,20,9.1,33.3,0,0,15.8,111.68,-3.1,17
498,Jonathan Gibson,BOS,30,4,2,2,10,114,113.8,0.2,14.8,1.33,13.3,0,7.1,3.8,10,73.9,73.9,28,103.97,11.5,86
498,Mangok Mathiang,CHA,25,4,3,1,5,95.3,95.2,0.1,0,0,0,13.6,33.3,23.3,0,57.1,53.8,13.7,103.03,12.9,43
498,Markel Brown,HOU,26,4,4,0,7.9,93.7,118.8,-25.1,10.5,1,18.2,2.9,10.8,7,18.2,35.7,35.7,13.2,96.81,-1.3,63
498,Matt Costello,SAS,24,4,2,2,8.1,126.6,100,26.6,7.1,2,28.6,4,27.6,16.7,14.3,50,50,7.1,96.89,5.7,64
498,Nicolas Brussino,ATL,25,4,0,4,2.5,125,36.4,88.6,0,0,0,0,20,12,0,0,0,8.3,101.72,4.1,20
498,Omari Johnson,MEM,29,4,1,3,18.8,126.5,116,10.5,10.6,2.33,22.6,6,10.3,8.1,9.7,52.4,52.4,13.9,98.11,5.3,151
498,Vincent Hunter,MEM,23,4,0,4,1.9,105.9,75,30.9,0,0,0,18.2,16.7,17.6,16.7,60,60,25,106.93,25,17
506,David Stockton,UTA,27,3,3,0,3.1,81,127.3,-46.3,0,0,0,0,0,0,16.7,100,105,25,110.57,12,21
506,Jacob Pullen,PHI,28,3,2,1,2,66.7,62.5,4.2,0,0,0,0,0,0,33.3,50,50,18.8,122.3,0,15
506,Jameel Warney,DAL,24,3,1,2,9,105.8,113.2,-7.4,0,0,0,13.8,20,16.7,6.7,58.3,59.9,23.4,93.85,15.1,52
506,James Michael McAdoo,PHI,25,3,1,2,6,102.6,100,2.6,0,0,0,0,12.5,5.9,11.1,42.9,50.8,22,104.29,4.6,39
506,Jarell Eddie,CHI,26,3,1,2,2.9,90,100,-10,0,0,0,0,16.7,5.9,0,0,0,9.1,103.06,0,20
506,Josh Smith,NOP,32,3,2,1,3.9,73.1,107.4,-34.3,0,0,0,13.6,10,12.5,0,25,25,11.8,107.6,-4.5,26
506,Marquis Teague,MEM,25,3,0,3,24.6,98,117.7,-19.7,24.1,4.33,38.2,1.2,7.2,4,8.8,28.1,30.2,12.1,97.26,3.9,152
506,Matt Williams Jr.,MIA,24,3,1,2,3.8,120.8,54.2,66.7,0,0,0,0,8.3,5,14.3,41.7,41.7,28,101.05,0,24
506,Monte Morris,DEN,23,3,2,1,8.4,100,114.8,-14.8,36.8,7,46.7,0,8,4.1,6.7,66.7,72.7,13.6,103.46,16.7,55
506,Reggie Hearn,DET,26,3,3,0,2.2,71.4,107.1,-35.7,0,0,0,0,0,0,0,75,75,10.5,101.41,12.9,14
506,Tim Quarterman,HOU,23,3,2,1,4.3,53.1,90,-36.9,25,0.5,14.3,0,18.8,10,28.6,33.3,51.5,16.7,116.71,10,32
517,Andre Ingram,LAL,32,2,1,1,32.1,109.2,95.1,14.1,14.9,2.33,25,1.6,7.2,4.6,10.7,61.8,65.5,13.6,106.28,9.9,142
517,Ben Moore,IND,23,2,1,1,4.6,95.2,175,-79.8,11.1,0,100,0,16.7,5.9,0,0,0,0,106,-4.1,21
517,Derrick Williams,LAL,27,2,1,1,4.3,33.3,52.2,-18.8,0,0,0,0,14.3,5,0,25,25,16.7,123.87,0,21
517,Josh McRoberts,DAL,31,2,2,0,2.9,85.7,100,-14.3,0,0,0,0,0,0,0,0,0,7.1,108.52,-12.8,14
517,Luis Montero,DET,25,2,1,1,4,64.7,94.1,-29.4,0,0,0,0,22.2,11.1,66.7,0,0,16.7,102.64,-3.1,17
517,PJ Dozier,OKC,21,2,1,1,1.6,66.7,100,-33.3,0,0,0,0,20,12.5,33.3,50,50,42.9,97.86,0,6
517,Xavier Silas,BOS,30,2,1,1,3.7,105.9,100,5.9,0,0,0,9.1,12.5,10.5,0,0,0,13.6,108.82,-7,17
524,Aaron Jackson,HOU,32,1,0,1,34.5,88.1,107.8,-19.8,5.3,1,8.3,5.6,3.1,4.4,8.3,38.9,40.5,14.9,91.13,-1,67
524,Anthony Brown,MIN,25,1,0,1,3.7,120,90,30,33.3,0,50,0,0,0,0,150,150,10,128.57,22.9,10
524,Chinanu Onuaku,HOU,21,1,0,1,21.6,80,97.6,-17.6,10,0.33,11.1,4.5,13.6,9.1,33.3,40,40,18.2,90.14,-3.3,40
524,Chris Boucher,GSW,25,1,1,0,1.3,0,100,-100,0,0,0,0,100,50,0,0,0,33.3,91.14,0,3
524,Devin Robinson,WAS,23,1,0,1,13.2,113.8,85.2,28.6,0,0,0,9.5,25,15.2,0,33.3,33.3,8.3,101.72,8.5,29
524,Edmond Sumner,IND,22,1,0,1,2.2,40,160,-120,0,0,0,0,50,20,0,100,100,20,110.77,23.5,5
524,Gordon Hayward,BOS,28,1,0,1,5.3,109.1,81.8,27.3,0,0,0,0,20,9.1,0,50,50,15.4,100.57,4.8,11
524,Jeremy Evans,ATL,30,1,0,1,5.4,100,123.1,-23.1,0,0,0,14.3,0,7.7,50,100,100,14.3,112.15,2.5,12
524,Jeremy Lin,BKN,29,1,0,1,25.2,109.5,119,-9.5,23.5,1.33,18.2,0,0,0,13.6,45.8,59.7,25.4,120.08,7.1,63
524,Justin Patton,MIN,21,1,0,1,3.7,120,90,30,0,0,0,0,0,0,0,50,50,20,128.57,5.7,10
524,Kendrick Perkins,CLE,33,1,0,1,14.5,134.5,116.1,18.4,18.2,2,33.3,0,9.1,4.2,16.7,50,52.1,11.8,99.08,4.2,29
524,Luol Deng,LAL,33,1,0,1,13.1,89.7,110,-20.3,11.1,1,25,0,0,0,25,50,50,9.1,107.82,3.9,29
524,Mindaugas Kuzminskas,NYK,28,1,0,1,1.9,0,0,0,0,0,0,0,0,0,0,0,0,50,116.76,-400,4
524,Naz Mitrou-Long,UTA,24,1,0,1,0.5,250,0,250,0,0,0,0,0,0,0,150,150,50,139.35,60,2
524,Scotty Hopson,DAL,28,1,0,1,8.4,77.3,113.6,-36.4,20,1,25,0,0,0,25,0,26.6,11.1,126.04,-3.1,22
524,Trey McKinney-Jones,IND,27,1,1,0,1.2,100,133.3,-33.3,0,0,0,0,0,0,0,0,0,0,136.22,0,4
524,Tyler Lydon,DEN,22,1,1,0,2.2,75,225,-150,0,0,0,0,0,0,0,0,0,0,88.62,0,4
