RANKING,PLAYER,TEAM,AGE,GP,W,L,MIN,%FGA 2PT,%FGA 3PT,%PTS 2PT,%PTS 2PT MR,%PTS 3PT,%PTS FBPS,%PTS FT,%PTS OFFTO,%PTS PITP,2FGM %AST,2FGM %UAST,3FGM %AST,3FGM %UAST,FGM %AST,FGM %UAST
1,Anthony Edwards,MIN,19,72,23,49,32.1,57.1,42.9,48,4.5,36.9,11.1,15.1,15.5,43.5,39.2,60.8,63.2,36.8,47.3,52.7
1,Bojan Bogdanovic,UTA,32,72,52,20,30.8,50.2,49.8,36.9,3.4,44.1,13.5,19,13.6,33.5,41.2,58.8,96.1,3.9,65.5,34.5
1,Duncan Robinson,MIA,27,72,40,32,31.4,14.5,85.5,13.8,1.1,79.6,10.3,6.6,17.2,12.7,89.2,10.8,97.2,2.8,95.6,4.4
1,Dwayne Bacon,ORL,25,72,21,51,25.7,71.5,28.5,59.1,10.9,22.5,17.9,18.4,14.2,48.2,40.8,59.2,59.3,40.7,44.5,55.5
1,Enes Freedom,POR,29,72,42,30,24.4,99.3,0.7,83.9,0.2,0.4,4,15.7,10.7,83.6,45.9,54.1,100,0,46,54
1,Georges Niang,UTA,28,72,52,20,16,27.9,72.1,21.2,2,74.4,10.8,4.4,10.4,19.2,69.8,30.2,99.2,0.8,90.4,9.6
1,Ivica Zubac,LAC,24,72,47,25,22.3,99,1,78.8,0.6,0.5,5.2,20.7,7.8,78.2,73.4,26.6,100,0,73.5,26.5
1,Justin Holiday,IND,32,72,34,38,30.3,27.5,72.5,22.5,4.8,68.7,16.8,8.8,17.9,17.7,67.1,32.9,97.1,2.9,87.2,12.8
1,Mikal Bridges,PHX,24,72,51,21,32.6,52.9,47.1,47.2,3.9,41.4,21.9,11.4,21.4,43.3,76.4,23.6,98.5,1.5,84.6,15.4
1,Nikola Jokic,DEN,26,72,47,25,34.6,81.7,18.3,67.4,12.8,14.5,2.9,18.1,12.9,54.7,48.4,51.6,96.7,3.3,54.5,45.5
1,RJ Barrett,NYK,21,72,41,31,34.9,70.8,29.2,54.3,7,29.4,12.8,16.3,14.5,47.3,35.3,64.7,97.6,2.4,51.8,48.2
12,Andrew Wiggins,GSW,26,71,38,33,33.3,65.2,34.8,55.3,11.5,31.8,12.3,12.9,15.8,43.8,47.9,52.1,82.9,17.1,57.6,42.4
12,Buddy Hield,SAC,28,71,31,40,34.3,27.3,72.7,20.6,5.6,71.9,18.9,7.5,13.1,15,33.1,66.9,81.2,18.8,66.7,33.3
12,Eric Bledsoe,NOP,31,71,31,40,29.7,51.4,48.6,42.8,9.9,41.8,12.3,15.4,13.9,32.9,48.9,51.1,86,14,63.5,36.5
12,Julius Randle,NYK,26,71,40,31,37.6,70.6,29.4,51.6,20,28,4.9,20.4,14.1,31.7,34.2,65.8,79.4,20.6,46.2,53.8
12,Patrick Williams,CHI,19,71,30,41,27.9,73.9,26.1,61.4,14.7,24.7,9.6,13.9,13.4,46.7,73.6,26.4,98.1,1.9,78.8,21.2
12,Robin Lopez,WAS,33,71,34,37,19.1,95.8,4.2,82.2,1.6,2.3,1.9,15.5,12.5,80.7,61.7,38.3,100,0,62.5,37.5
12,Royce O'Neale,UTA,28,71,51,20,31.6,29.4,70.6,27.4,0.4,64.7,18.1,7.9,18.5,27,60.3,39.7,98.1,1.9,83.4,16.6
12,Rudy Gobert,UTA,29,71,52,19,30.8,99.3,0.7,77,0.2,0,4.7,23,9,76.8,76.7,23.3,0,0,76.7,23.3
12,Solomon Hill,ATL,30,71,41,30,21.3,28.9,71.1,24.6,2.5,64.4,7.3,11,13.9,22.1,59,41,100,0,85,15
21,Brook Lopez,MIL,33,70,46,24,27.2,56.1,43.9,52.9,5.1,33.2,5,13.9,8.6,47.7,69.2,30.8,95.8,4.2,77,23
21,Bryn Forbes,MIL,27,70,45,25,19.3,35.5,64.5,27.4,15.4,65.9,13.3,6.7,13.4,12,66.7,33.3,96.8,3.2,85.2,14.8
21,Chris Paul,PHX,36,70,49,21,31.4,70.6,29.4,58.7,34.3,26.6,9.4,14.7,12.9,24.4,8.3,91.7,41.2,58.8,15.9,84.1
21,Jae'Sean Tate,HOU,25,70,17,53,29.2,68.8,31.2,64.5,0.5,22.7,8.6,12.8,16.6,64,53.9,46.1,95,5,61.7,38.3
21,Kelly Olynyk,HOU,30,70,26,44,28.5,47.2,52.8,44.7,1.7,40,9.5,15.3,12.2,43,73.9,26.1,93.7,6.3,81.3,18.7
21,Naz Reid,MIN,21,70,22,48,19.2,70.1,29.9,62,0.3,23.3,4.8,14.7,14,61.7,62.6,37.4,100,0,70.1,29.9
21,Nikola Vucevic,CHI,30,70,26,44,33.5,68.5,31.5,59.8,20.3,32.2,5.9,8,8.3,39.5,61.6,38.4,99.4,0.6,71.6,28.4
21,Robert Covington,POR,30,70,42,28,32,30.1,69.9,23.3,2.4,68.3,9.4,8.4,16.5,20.9,65.2,34.8,94.8,5.2,84.8,15.2
21,Saddiq Bey,DET,22,70,19,51,27.3,33.4,66.6,24.3,2.6,61.3,14.4,14.4,17.6,21.7,49,51,92.6,7.4,76.3,23.7
21,Tim Hardaway Jr.,DAL,29,70,42,28,28.4,41.9,58.1,34.4,9.1,53.4,17.5,12.2,12.7,25.3,54.5,45.5,84.1,15.9,69.5,30.5
21,Tyus Jones,MEM,25,70,36,34,17.5,66.1,33.9,60.2,10,30.5,13.6,9.3,16.5,50.2,29.3,70.7,91.1,8.9,44.9,55.1
32,Carmelo Anthony,POR,37,69,39,30,24.5,58.2,41.8,42,31.2,43.2,10.4,14.8,12.2,10.8,27.8,72.2,78.2,21.8,48.3,51.7
32,Coby White,CHI,21,69,30,39,31.2,49.7,50.3,40.7,11.1,47,12.1,12.3,13,29.6,29.2,70.8,78.5,21.5,50.7,49.3
32,Danny Green,PHI,34,69,46,23,28,20.6,79.4,15,4.6,80.3,22,4.7,21.4,10.4,67.3,32.7,92,8,86.6,13.4
32,Deandre Ayton,PHX,22,69,48,21,30.6,97.1,2.9,85.5,8,1.2,5.4,13.3,13.2,77.4,71.4,28.6,100,0,71.6,28.4
32,Dwight Howard,PHI,35,69,46,23,17.3,93.4,6.6,71.8,2.9,3.1,3.3,25.1,12.7,68.9,59,41,80,20,59.6,40.4
32,Jakob Poeltl,SAS,25,69,32,37,26.7,100,0,89.4,3,0,3,10.6,12.6,86.3,75.5,24.5,0,0,75.5,24.5
32,Joe Harris,BKN,29,69,45,24,31,37.2,62.8,30,4.9,65,11.5,5,13.4,25.1,77.4,22.6,100,0,90.8,9.2
32,Keldon Johnson,SAS,21,69,32,37,28.5,74.3,25.7,63.1,5.2,20.4,13.2,16.5,16.1,57.9,67.3,32.7,91.7,8.3,71.6,28.4
32,Kevin Huerter,ATL,22,69,40,29,30.8,47.2,52.8,42.8,10,51.1,16.2,6.1,15.9,32.8,40.9,59.1,87.9,12.1,61.7,38.3
32,Kyle Anderson,MEM,27,69,36,33,27.4,60.3,39.7,50.1,9.1,33,17,16.9,18,41,44.9,55.1,86.2,13.8,57.5,42.5
32,Montrezl Harrell,LAL,27,69,41,28,22.9,98.3,1.7,80.6,5.8,0,8.3,19.4,15.8,74.8,60.5,39.5,0,0,60.5,39.5
32,Norman Powell,POR,28,69,32,37,32,54.7,45.3,41.6,4.8,40,16.2,18.4,16.3,36.8,54.7,45.3,83.6,16.4,66,34
32,Pat Connaughton,MIL,28,69,44,25,22.8,29.7,70.3,28.6,0.4,64.7,11.5,6.7,10.9,28.2,79.1,20.9,97,3,89.9,10.1
32,T.J. McConnell,IND,29,69,33,36,26,90.2,9.8,86.9,16.4,7.6,10.7,5.5,16.6,70.5,36.3,63.7,80,20,38.7,61.3
32,Terry Rozier,CHA,27,69,32,37,34.5,49.6,50.4,40.9,7.5,47.3,16.5,11.8,16.6,33.4,40.3,59.7,82.9,17.1,58.8,41.2
47,Derrick Favors,UTA,29,68,49,19,15.3,99.2,0.8,84,6.5,0,3.3,16,9.2,77.5,78.1,21.9,0,0,78.1,21.9
47,Desmond Bane,MEM,23,68,36,32,22.3,45.7,54.3,37.4,6.1,56.2,19.5,6.4,19.4,31.4,70.9,29.1,93.2,6.8,82.1,17.9
47,Isaiah Stewart,DET,20,68,20,48,21.4,84.6,15.4,76.4,5.2,11.7,4.7,11.9,15.6,71.1,65.9,34.1,100,0,69,31
47,Jalen Brunson,DAL,24,68,40,28,25,68.1,31.9,57.6,12.1,28.4,12.4,14,13.2,45.5,23.5,76.5,86.4,13.6,39,61
47,Jeff Green,BKN,34,68,44,24,27,52.8,47.2,42.1,3.7,41.2,13.1,16.7,14.3,38.4,72.8,27.2,95.1,4.9,81.6,18.4
47,Jordan Clarkson,UTA,29,68,49,19,26.7,44.3,55.7,39.8,2.6,49.9,12.1,10.3,13.3,37.3,16.5,83.5,63,37,37.6,62.4
47,Khris Middleton,MIL,29,68,45,23,33.4,66,34,52,21.2,32.7,9.2,15.3,11.2,30.8,33.3,66.7,64.9,35.1,42.7,57.3
47,Kyle Kuzma,LAL,25,68,40,28,28.7,49.8,50.2,45.3,6.2,47,16.2,7.7,16.5,39.1,54.5,45.5,92.7,7.3,70.1,29.9
47,Patty Mills,SAS,32,68,31,37,24.8,29.8,70.2,24.7,9.5,65.6,13.2,9.7,12.9,15.2,54.9,45.1,78.3,21.7,69.8,30.2
47,Ricky Rubio,MIN,30,68,23,45,26.1,57,43,43.6,7.9,34,9.8,22.4,13.9,35.7,39.4,60.6,93.9,6.1,58,42
47,Thaddeus Young,CHI,33,68,30,38,24.3,93.2,6.8,87,1.7,4.4,7.4,8.6,14.3,85.3,57,43,100,0,58.4,41.6
58,Damian Lillard,POR,30,67,39,28,35.8,47.2,52.8,33.9,7.5,42.8,8.4,23.3,12,26.5,17.7,82.3,39.3,60.7,27.6,72.4
58,Dejounte Murray,SAS,24,67,32,35,31.9,79.6,20.4,71.9,26.1,18,15.6,10.1,14.9,45.9,27.5,72.5,85.7,14.3,35.8,64.2
58,Devin Booker,PHX,24,67,48,19,33.9,71.2,28.8,58.1,19.7,22.1,13.9,19.8,13.4,38.3,39.4,60.6,65.9,34.1,44.8,55.2
58,Dillon Brooks,MEM,25,67,36,31,29.8,63.9,36.1,52.8,15.6,33.4,18.2,13.8,16.3,37.2,51.3,48.7,86.7,13.3,61.8,38.2
58,Isaac Okoro,CLE,20,67,20,47,32.4,61.7,38.3,53.6,0.9,28.8,18.7,17.6,13.3,52.6,65.9,34.1,87.1,12.9,71.5,28.5
58,Joe Ingles,UTA,33,67,47,20,27.9,27.8,72.2,22.7,0.5,67.9,13.5,9.4,13.5,22.2,31.5,68.5,71.6,28.4,58.2,41.8
58,Kent Bazemore,GSW,31,67,35,32,19.9,53.1,46.9,42,5,46.8,19.5,11.2,14.8,37,62.4,37.6,90.7,9.3,74.4,25.6
58,Kentavious Caldwell-Pope,LAL,28,67,39,28,28.4,42.1,57.9,30,7,55.1,21.3,14.9,20.7,23,81.6,18.4,95,5,89,11
58,Khem Birch,TOR,28,67,23,44,22.8,86.3,13.7,73,7.5,8.1,7.9,18.9,19.3,65.6,76.1,23.9,100,0,77.8,22.2
58,Nicolas Batum,LAC,32,67,44,23,27.4,34,66,30,8.5,61.1,11.1,8.9,15.9,21.5,77.8,22.2,99.1,0.9,90.1,9.9
58,Reggie Jackson,LAC,31,67,43,24,23,51.8,48.2,39.4,8.1,51.2,11.9,9.4,14,31.3,26.2,73.8,84.4,15.6,53.2,46.8
58,Terance Mann,LAC,24,67,45,22,18.9,74,26,59.3,4.7,24.2,18.9,16.5,13.6,54.7,50.7,49.3,84.2,15.8,57.9,42.1
70,Aaron Holiday,IND,24,66,30,36,17.8,58.3,41.7,43.4,7.6,42.3,18.5,14.3,16,35.8,45.6,54.4,92.5,7.5,64.1,35.9
70,Bismack Biyombo,CHA,28,66,28,38,20.4,99.6,0.4,85.8,0,0,7.3,14.2,17.2,85.8,87.3,12.7,0,0,87.3,12.7
70,Bobby Portis,MIL,26,66,44,22,20.8,73.7,26.3,63.4,15.6,29.4,9,7.2,16,47.7,53.6,46.4,100,0,64.5,35.5
70,Donte DiVincenzo,MIL,24,66,44,22,27.5,42.6,57.4,35.5,4.1,57.1,16.4,7.4,15.7,31.4,53.3,46.7,77.9,22.1,66,34
70,Doug McDermott,IND,29,66,32,34,24.5,57,43,54.1,1.6,37,13.7,8.9,14.9,52.5,77.4,22.6,100,0,84.5,15.5
70,Kenrich Williams,OKC,26,66,21,45,21.6,71.5,28.5,63.5,9.5,29.7,14.3,6.8,19.4,54,47.3,52.7,90.4,9.6,57.5,42.5
70,Lou Williams,ATL,34,66,44,22,21.6,73.2,26.8,52.3,17.4,27.6,7.6,20.1,14.3,35,27.6,72.4,58,42,35.5,64.5
70,Luka Doncic,DAL,22,66,40,26,34.3,59.4,40.6,49.7,9.7,31.5,5.5,18.8,10.8,40,9.5,90.5,23.4,76.6,13.6,86.4
70,Miles Bridges,CHA,23,66,31,35,29.3,53.4,46.6,46.9,1.7,41.4,11.9,11.7,15.4,45.2,71.6,28.4,81.9,18.1,75.4,24.6
70,Payton Pritchard,BOS,23,66,33,33,19.2,40.7,59.3,32.2,5.5,60,11.8,7.8,16.5,26.7,37.8,62.2,84.3,15.7,63.6,36.4
70,Svi Mykhailiuk,OKC,24,66,13,53,20.1,37.9,62.1,36.9,6.8,56.4,16.6,6.7,17.7,30.1,56.3,43.7,88.6,11.4,72.6,27.4
81,Bruce Brown,BKN,24,65,45,20,22.3,86.1,13.9,76.1,1.4,8.9,19.4,15,16.6,74.7,75.2,24.8,100,0,77,23
81,Daniel Theis,CHI,29,65,28,37,24.6,67.4,32.6,64.8,11.2,23.4,5.6,11.8,12.4,53.6,81.8,18.2,100,0,85.3,14.7
81,Facundo Campazzo,DEN,30,65,43,22,21.9,31.4,68.6,22.2,1.5,57.6,18.4,20.2,21.5,20.7,27.3,72.7,84.2,15.8,63.3,36.7
81,Matisse Thybulle,PHI,24,65,46,19,20,41.2,58.8,46.3,0.8,50.6,24.7,3.1,23.1,45.5,66.1,33.9,100,0,80.4,19.6
81,Reggie Bullock,NYK,30,65,38,27,30,29.1,70.9,24,9.9,69,18.9,7,15.2,14.1,85.9,14.1,97.5,2.5,93.5,6.5
81,Russell Westbrook,WAS,32,65,30,35,36.4,77.9,22.1,63.4,20.8,17.9,12,18.7,16.4,42.6,16.4,83.6,62.8,37.2,23.7,76.3
81,Talen Horton-Tucker,LAL,20,65,39,26,20.1,73.2,26.8,63.9,4.1,19,13.2,17.1,18.5,59.8,34.8,65.2,73,27,41.1,58.9
81,Theo Maledon,OKC,20,65,20,45,27.3,49,51,36.8,6.1,47.9,7.8,15.3,9.7,30.7,33.1,66.9,78.1,21.9,54,46
89,Alex Len,WAS,28,64,30,34,15.3,91,9,77.1,0.9,5.7,7.1,17.2,14.2,76.1,75.5,24.5,100,0,76.6,23.4
89,Anfernee Simons,POR,22,64,37,27,17.3,29.7,70.3,19.1,6.8,71.7,8.8,9.2,8,12.4,12.5,87.5,68.3,31.7,52.4,47.6
89,Bam Adebayo,MIA,23,64,34,30,33.5,99,1,75.9,12,0.5,6.3,23.6,15,63.8,65.6,34.4,100,0,65.8,34.2
89,Garrison Mathews,WAS,24,64,32,32,16.2,16.5,83.5,11.9,3.4,64.4,5.4,23.7,18.1,8.5,61.9,38.1,93.4,6.6,86.6,13.4
89,Immanuel Quickley,NYK,22,64,37,27,19.4,47.8,52.2,30.4,6.6,48.4,6.8,21.2,16,23.8,19.8,80.2,61,39,41,59
89,Jarred Vanderbilt,MIN,22,64,18,46,17.8,97.9,2.1,82.6,0,0.9,21.8,16.5,25.9,82.6,71.1,28.9,100,0,71.3,28.7
89,Jayson Tatum,BOS,23,64,34,30,35.8,63.2,36.8,49.4,11.9,33.2,9.9,17.4,18.9,37.5,38.3,61.7,46.5,53.5,40.8,59.2
89,Nerlens Noel,NYK,27,64,35,29,24.2,98.7,1.3,84.6,4.3,0,3.7,15.4,16.4,80.2,73.7,26.3,0,0,73.7,26.3
89,P.J. Washington,CHA,22,64,31,33,30.5,57.7,42.3,46.1,1.9,40.8,8,13.1,12.5,44.2,80.5,19.5,94.6,5.4,85.8,14.2
89,Raul Neto,WAS,29,64,30,34,21.9,63.3,36.7,52.1,6.1,34.5,12,13.4,16.9,46,42.1,57.9,93.8,6.3,57.9,42.1
99,Andre Iguodala,MIA,37,63,37,26,21.3,26.6,73.4,25.5,2.2,65.5,6.2,9,15.3,23.3,80,20,93.3,6.7,88.4,11.6
99,Clint Capela,ATL,27,63,34,29,30.1,100,0,86.4,0.2,0,8.7,13.6,12.1,86.2,66.8,33.2,0,0,66.8,33.2
99,Cory Joseph,DET,29,63,25,38,23,69,31,60,9.3,26.1,8.9,13.9,15.3,50.7,33.5,66.5,88.9,11.1,46,54
99,Dean Wade,CLE,24,63,19,44,19.2,31.5,68.5,29.8,3.2,62.2,10.9,8,17.3,26.6,69.6,30.4,97.4,2.6,85.8,14.2
99,Delon Wright,SAC,29,63,21,42,27.7,66.8,33.2,54.6,2.2,29.8,11.6,15.6,20.9,52.4,30.1,69.9,78.1,21.9,42.9,57.1
99,Draymond Green,GSW,31,63,35,28,31.5,66.8,33.2,61.3,3.6,23,12.8,15.7,16.7,57.7,61.8,38.2,97.1,2.9,68.8,31.2
99,Elfrid Payton,NYK,27,63,36,27,23.6,84.2,15.8,75.4,5.9,13.1,6.7,11.5,13,69.5,27,73,96.4,3.6,34.2,65.8
99,Grant Williams,BOS,22,63,30,33,18.1,47.8,52.2,40.8,3.4,49,5.4,10.2,19.4,37.4,68.3,31.7,100,0,82.4,17.6
99,Ja Morant,MEM,21,63,33,30,32.6,74.8,25.2,59.3,4,18.2,15,22.5,16.5,55.3,29.4,70.6,60.3,39.7,34.7,65.3
99,Jaden McDaniels,MIN,20,63,18,45,24,46,54,43.1,4.2,50.6,9.8,6.3,18.3,38.9,70.7,29.3,97.2,2.8,82.3,17.7
99,Jarrett Allen,CLE,23,63,20,43,29.6,96.1,3.9,72.5,2.5,2.2,2.2,25.3,9.4,70,72.3,27.7,100,0,72.8,27.2
99,John Collins,ATL,23,63,34,29,29.3,73,27,62.3,9.9,22.4,6.9,15.3,9.8,52.4,72.3,27.7,98.8,1.2,77.4,22.6
99,Luke Kennard,LAC,25,63,44,19,19.6,45.9,54.1,37.3,14.6,57.7,10.4,5,12.3,22.7,66,34,80,20,73.1,26.9
99,Rudy Gay,SAS,34,63,29,34,21.6,55.7,44.3,44.1,16.8,44.4,9.1,11.5,15.9,27.4,40.5,59.5,89.6,10.4,60.2,39.8
99,Shake Milton,PHI,24,63,46,17,23.2,69.6,30.4,56.1,15.2,26.1,9.8,17.8,15.2,40.9,36.2,63.8,80.3,19.7,46.7,53.3
99,Stephen Curry,GSW,33,63,37,26,34.2,41.3,58.7,31.9,6.6,50.2,11.4,17.9,14.5,25.3,41.1,58.9,58.8,41.2,50.2,49.8
99,Trae Young,ATL,22,63,36,27,33.7,64.3,35.7,44,7.7,25.6,8.4,30.4,11.2,36.4,12.5,87.5,28.7,71.3,17,83
116,Denzel Valentine,CHI,27,62,26,36,16.7,41.8,58.2,36.9,8.9,59.1,14,4,14.3,28.1,40,60,90,10,65.8,34.2
116,Devin Vassell,SAS,20,62,30,32,17,50.5,49.5,41.6,13.5,45.7,13.2,12.7,16.7,28.2,64.8,35.2,94.2,5.8,77.2,22.8
116,Domantas Sabonis,IND,25,62,29,33,36,82.1,17.9,68.6,4.4,12.4,9,19,15.2,64.1,60.6,39.4,96.2,3.8,64.5,35.5
116,Jonas Valanciunas,MEM,29,62,32,30,28.3,92.3,7.7,79.2,4.5,6,2.3,14.8,11.6,74.7,58,42,85.7,14.3,59.3,40.7
116,Josh Jackson,DET,24,62,16,46,25.2,63.6,36.4,52.9,9.7,27.9,13.3,19.2,17.1,43.2,45.7,54.3,92.2,7.8,57.8,42.2
116,Obi Toppin,NYK,23,62,36,26,11,59.3,40.7,61.7,4.7,30.8,13.4,7.5,11.1,56.9,64.1,35.9,96.2,3.8,72.1,27.9
116,Tobias Harris,PHI,28,62,44,18,32.5,77.5,22.5,64.6,12.6,20.3,14.5,15.1,14.1,52.1,35.8,64.2,81.7,18.3,43.8,56.2
116,Trey Burke,DAL,28,62,35,27,14.7,53.5,46.5,45.3,20.9,42.3,13.6,12.4,15.3,24.3,31.2,68.8,89.7,10.3,53.6,46.4
124,Brad Wanamaker,CHA,31,61,29,32,17.3,71.6,28.4,58.9,8.9,14.3,19.9,26.8,12.8,50,54.5,45.5,68.8,31.3,56.5,43.5
124,Brandon Ingram,NOP,23,61,29,32,34.3,65.9,34.1,51,23.4,29.6,8.3,19.4,10.9,27.6,36.8,63.2,79,21,48.5,51.5
124,DeMar DeRozan,SAS,31,61,27,34,33.7,92,8,66.3,23.7,4.3,7.6,29.4,12.7,42.6,24.8,75.2,94.7,5.3,27.7,72.3
124,Dennis Schroder,LAL,27,61,38,23,32.1,72.1,27.9,55.5,15.5,22.6,7.4,21.9,12.1,40,31.8,68.2,88.7,11.3,44,56
124,Giannis Antetokounmpo,MIL,26,61,40,21,33,79.9,20.1,65.1,5.9,11.7,16.6,23.2,14.7,59.2,42.8,57.2,29.9,70.1,41.4,58.6
124,Isaiah Roby,OKC,23,61,19,42,23.4,74.6,25.4,65.7,2.3,18,9.4,16.3,13.9,63.4,55.4,44.6,90.6,9.4,60.9,39.1
124,Kevon Looney,GSW,25,61,34,27,19,91.4,8.6,82.9,8,4.8,0.8,12.3,16.3,74.9,63.5,36.5,100,0,64.8,35.2
124,Landry Shamet,BKN,24,61,39,22,23,27,73,20.1,4.6,68.3,12.2,11.6,14.3,15.5,64.9,35.1,98.4,1.6,88.2,11.8
124,Markieff Morris,LAL,31,61,32,29,19.7,44.7,55.3,43.2,11.8,47.9,8.4,8.9,13,31.4,54.5,45.5,100,0,73.9,26.1
124,Michael Porter Jr.,DEN,23,61,40,21,31.3,53.2,46.8,47,9.8,43.9,16.4,9.1,15.8,37.2,71.4,28.6,91.8,8.2,79.2,20.8
124,Precious Achiuwa,MIA,21,61,31,30,12.1,99.6,0.4,81.6,0.7,0,9.9,18.4,18.1,80.9,73.4,26.6,0,0,73.4,26.6
124,Richaun Holmes,SAC,27,61,29,32,29.2,98.1,1.9,83.8,10.1,0.7,5.6,15.5,11.7,73.6,81.6,18.4,100,0,81.7,18.3
124,Stanley Johnson,TOR,25,61,25,36,16.5,41.2,58.8,33,3,50.6,10.9,16.4,20.6,30,31.8,68.2,95.6,4.4,64,36
124,Terence Davis,SAC,24,61,26,35,17.6,41.4,58.6,36.4,2.6,55.2,19.1,8.4,18,33.8,50.5,49.5,82.7,17.3,66.7,33.3
124,Tyrese Maxey,PHI,20,61,41,20,15.3,76,24,68.4,16.4,19.1,17.6,12.5,18.2,52,38.3,61.7,80.6,19.4,44.9,55.1
124,Zion Williamson,NOP,20,61,29,32,33.2,96.7,3.3,75.8,0.7,1.8,9.8,22.4,13.5,75,55.3,44.7,100,0,56,44
140,Bradley Beal,WAS,28,60,32,28,35.8,73,27,57.5,16.8,20.8,7.1,21.7,13.5,40.7,43,57,72.3,27.7,48.7,51.3
140,Cameron Johnson,PHX,25,60,43,17,24,30.6,69.4,30,5.6,61.3,16.2,8.7,14.3,24.4,83.7,16.3,98.3,1.7,92.1,7.9
140,Cameron Payne,PHX,26,60,42,18,18,58,42,46.7,9.9,43.4,9.9,9.9,10.7,36.8,28,72,68.5,31.5,43.5,56.5
140,Chris Boucher,TOR,28,60,25,35,24.2,58,42,48.4,2.2,33,6.1,18.6,14.1,46.2,68.7,31.3,97.8,2.2,77.8,22.2
140,Collin Sexton,CLE,22,60,18,42,35.3,76.1,23.9,58.5,7.7,20.1,12.9,21.4,16,50.8,42.2,57.8,68.4,31.6,47,53
140,Dorian Finney-Smith,DAL,28,60,36,24,32,35.2,64.8,34.2,0.7,60.5,10.8,5.3,13.4,33.6,61.4,38.6,96.6,3.4,80.5,19.5
140,Jae Crowder,PHX,30,60,42,18,27.5,22.8,77.2,16.9,5.6,73.6,8.5,9.5,12.8,11.3,80.4,19.6,95.9,4.1,92,8
140,Jaxson Hayes,NOP,21,60,24,36,16.1,95,5,75.3,3.1,4,15.6,20.7,18,72.2,76.3,23.7,100,0,77.1,22.9
140,Jevon Carter,PHX,25,60,42,18,11.9,32.3,67.7,30.6,14.5,67.7,12.9,1.7,14.5,16.1,52.6,47.4,94.6,5.4,77.7,22.3
140,Lonnie Walker IV,SAS,22,60,28,32,25.4,53.7,46.3,46.6,12,44.8,16.3,8.6,13.5,34.7,54.5,45.5,90,10,68.4,31.6
140,Mychal Mulder,GSW,27,60,33,27,12.8,19.2,80.8,20.2,0,75.7,14.5,4.1,13.6,20.2,91.2,8.8,100,0,97.5,2.5
151,Brandon Clarke,MEM,24,59,32,27,24,84.4,15.6,77.4,3.3,9.8,14.8,12.8,16.9,74.1,81.4,18.6,100,0,82.8,17.2
151,Cedi Osman,CLE,26,59,17,42,25.6,44.7,55.3,39.2,3.6,48.5,16.3,12.3,20.9,35.6,61.7,38.3,85.9,14.1,72.6,27.4
151,Josh Okogie,MIN,22,59,21,38,20.3,57.5,42.5,46.2,0.6,27.5,14.9,26.3,19.6,45.6,60.3,39.7,100,0,71.6,28.4
151,Josh Richardson,DAL,27,59,35,24,30.3,56.8,43.2,49.2,12.3,36.9,12.3,13.9,14.3,36.9,44.3,55.7,83,17,57.2,42.8
151,Jrue Holiday,MIL,31,59,41,18,32.3,65.6,34.4,57.9,8.6,31.8,11.9,10.3,14.1,49.3,33,67,54.1,45.9,38.6,61.4
151,Xavier Tillman,MEM,22,59,31,28,18.4,78.3,21.7,74.4,3.6,16.9,13.1,8.7,20.3,70.8,82.8,17.2,100,0,85,15
157,Alex Caruso,LAL,27,58,32,26,21,55.1,44.9,42.2,4.3,44.6,17.3,13.2,16.2,37.8,48.7,51.3,92.7,7.3,66.9,33.1
157,Ben Simmons,PHI,24,58,42,16,32.4,98.3,1.7,77.7,1.7,1.1,22.9,21.2,19.1,76,40.7,59.3,100,0,41.2,58.8
157,De'Aaron Fox,SAC,23,58,24,34,35.1,71.2,28.8,58.3,9.2,21.1,13.5,20.6,15.1,49.1,16,84,52.4,47.6,23.1,76.9
157,Derrick Jones Jr.,POR,24,58,32,26,22.7,55.3,44.7,52.5,0,32.6,14.1,14.9,21.5,52.5,67.3,32.7,97.7,2.3,76.2,23.8
157,Dwight Powell,DAL,29,58,36,22,16.6,89.2,10.8,67.3,0,4.4,3.5,28.3,15.2,67.3,84.3,15.7,100,0,85,15
157,Gary Trent Jr.,TOR,22,58,29,29,31.1,45.4,54.6,34.9,13.3,55.7,15.9,9.4,15.8,21.6,48.4,51.6,80.6,19.4,65,35
157,Harrison Barnes,SAC,29,58,25,33,36.2,60.1,39.9,46.9,1.7,32.2,10.1,20.9,15.1,45.2,58.4,41.6,88,12,67.7,32.3
157,JaMychal Green,DEN,31,58,38,20,19.3,47.1,52.9,39.9,2.5,50.3,3.6,9.8,13.8,37.4,58.5,41.5,100,0,77.5,22.5
157,Jaylen Brown,BOS,24,58,30,28,34.5,63,37,52.4,10.9,34.2,15.3,13.4,14.4,41.5,45.3,54.7,79.8,20.2,55.8,44.2
157,Steven Adams,NOP,27,58,26,32,27.7,99,1,86.3,0.9,0,5.9,13.7,6.6,85.4,59.8,40.2,0,0,59.8,40.2
157,Timothe Luwawu-Cabarrot,BKN,26,58,38,20,18.1,32.9,67.1,29.7,3.2,60.8,14.6,9.5,18.9,26.5,69.1,30.9,98.7,1.3,86.2,13.8
157,Tomas Satoransky,CHI,29,58,25,33,22.5,64.1,35.9,56.8,8.1,28.2,10.3,15,17,48.8,42.5,57.5,100,0,56.8,43.2
157,Tyrese Haliburton,SAC,21,58,25,33,30.1,52.2,47.8,45.4,11.2,48.2,14.2,6.4,16.2,34.3,32.2,67.8,78.5,21.5,51.4,48.6
157,Wesley Matthews,LAL,34,58,33,25,19.5,21.8,78.2,16.5,1.4,71,12.2,12.5,18.3,15.1,60.9,39.1,97,3,87.6,12.4
157,Zach LaVine,CHI,26,58,26,32,35.1,57.5,42.5,46.4,9.7,37.7,12.5,15.9,14,36.7,35.5,64.5,51.5,48.5,41.1,58.9
172,D.J. Augustin,HOU,33,57,28,29,19.8,36.7,63.3,23.7,5,56.8,10.3,19.5,15.1,18.7,21.2,78.8,71.1,28.9,51.9,48.1
172,Damion Lee,GSW,28,57,28,29,18.9,29.2,70.8,27.3,3.8,61.9,10.5,10.8,16.6,23.6,86.3,13.7,96.1,3.9,92.2,7.8
172,Davis Bertans,WAS,28,57,29,28,25.7,10.5,89.5,7.3,0.9,77.4,10.5,15.3,14.8,6.4,75,25,97,3,94.3,5.7
172,DeAndre Jordan,BKN,32,57,37,20,21.9,99.6,0.4,89.2,0,0,6.6,10.8,12,89.2,80,20,0,0,80,20
172,Marcus Morris Sr.,LAC,31,57,38,19,26.3,49.3,50.7,35.6,18.6,54.9,5.6,9.5,10.8,17,45.6,54.4,93.6,6.4,69.9,30.1
172,Rui Hachimura,WAS,23,57,29,28,31.5,78.9,21.1,67.2,17,17.1,17.5,15.7,17.7,50.2,74,26,100,0,77.7,22.3
172,Seth Curry,PHI,30,57,39,18,28.7,49.3,50.7,37.1,20,53.2,12.9,9.7,13.4,17.2,59.1,40.9,85.7,14.3,72.1,27.9
172,Thanasis Antetokounmpo,MIL,28,57,37,20,9.7,78.8,21.2,72.3,1.2,12.7,16.3,15,19.9,71.1,58.3,41.7,71.4,28.6,59.7,40.3
180,Garrett Temple,CHI,35,56,25,31,27.3,47.5,52.5,43,8.5,47.5,19.4,9.5,14.9,34.5,67,33,95.5,4.5,79.1,20.9
180,Kendrick Nunn,MIA,25,56,31,25,29.5,51.4,48.6,48.3,9.8,44.9,14,6.8,18.9,38.5,45.2,54.8,85.2,14.8,60.5,39.5
180,Malcolm Brogdon,IND,28,56,27,29,34.5,61.8,38.2,50.4,12.1,36.7,13.5,12.9,12.6,38.3,24.7,75.3,66.2,33.8,38.3,61.7
180,Mason Plumlee,DET,31,56,14,42,26.8,98.2,1.8,80.6,3.8,0,5.5,19.4,12.4,76.8,72.2,27.8,0,0,72.2,27.8
180,Pascal Siakam,TOR,27,56,21,35,35.8,74.4,25.6,60.9,8.2,18.3,10.8,20.8,14.2,52.7,34.1,65.9,83.6,16.4,42.3,57.7
180,Paul Millsap,DEN,36,56,38,18,20.8,64.3,35.7,56.6,4.4,29.3,8.6,14.1,11.6,52.2,61.3,38.7,98,2,70.7,29.3
180,Sekou Doumbouya,DET,20,56,15,41,15.5,59.2,40.8,56.8,0,27.4,16.8,15.8,17.5,56.8,66.7,33.3,100,0,74.8,25.2
180,Semi Ojeleye,BOS,26,56,28,28,17,28.5,71.5,23.8,2.3,66.9,11.9,9.3,14.2,21.5,61.3,38.7,98.3,1.7,85.4,14.6
180,Will Barton,DEN,30,56,37,19,31,57.7,42.3,45.3,8.2,41.4,13.2,13.3,13.2,37.1,48.4,51.6,74.5,25.5,58.3,41.7
189,Darius Bazley,OKC,21,55,16,39,31.2,58.6,41.4,50.4,4.2,33,10.9,16.6,15,46.2,50,50,83.1,16.9,60.1,39.9
189,Devonte' Graham,CHA,26,55,23,32,30.2,28.7,71.3,17.9,8.6,65.8,10.4,16.3,15.7,9.3,39.7,60.3,77.1,22.9,66.3,33.7
189,Furkan Korkmaz,PHI,23,55,39,16,19.3,36.6,63.4,27.5,6,60.5,14.8,12,18.4,21.6,44.9,55.1,94.1,5.9,74.1,25.9
189,Jeff Teague,MIL,33,55,27,28,17.3,71.1,28.9,46.9,3.8,29.1,11.1,24,12.9,43.1,16.1,83.9,63.9,36.1,30.1,69.9
189,Kelly Oubre Jr.,GSW,25,55,27,28,30.7,60.6,39.4,53.7,3.8,31.8,15.8,14.5,15.2,49.9,67.5,32.5,94.4,5.6,75.2,24.8
189,Lonzo Ball,NOP,23,55,23,32,31.8,35,65,29.4,7.2,64.3,16.3,6.3,13.8,22.2,41.5,58.5,83.7,16.3,66.6,33.4
189,Rodney Hood,TOR,28,55,29,26,17.1,56.5,43.5,48.8,23.6,41.5,6.9,9.7,17.9,25.2,30,70,79.4,20.6,47.9,52.1
196,Daniel Gafford,WAS,22,54,31,23,14.7,100,0,81.1,0.5,0,7.6,18.9,14.2,80.5,71.4,28.6,0,0,71.4,28.6
196,Darius Garland,CLE,21,54,18,36,33.1,66.8,33.2,54.6,8.5,33.5,11.2,11.9,15.2,46.1,30.7,69.3,70.5,29.5,42.3,57.7
196,Deni Avdija,WAS,20,54,25,29,23.3,46.2,53.8,45,4.1,46.5,13.2,8.5,19.9,40.9,72.7,27.3,96.2,3.8,82.3,17.7
196,Drew Eubanks,SAS,24,54,21,33,14,99,1,73.3,7.1,1.9,2.3,24.8,15.1,66.2,77.2,22.8,100,0,77.6,22.4
196,Jerami Grant,DET,27,54,15,39,33.9,64.7,35.3,47.3,12.4,28.6,7.1,24.1,13.9,34.9,53.7,46.3,93,7,65,35
196,Kira Lewis Jr.,NOP,20,54,23,31,16.7,64.4,35.6,52.5,1.2,35,20.1,12.5,19.8,51.3,37.8,62.2,80,20,50.8,49.2
196,Kyrie Irving,BKN,29,54,36,18,34.9,65.2,34.8,54.7,15.4,31.4,10.9,13.9,10.1,39.3,23.4,76.6,57.9,42.1,33,67
196,Miye Oni,UTA,23,54,45,9,9.6,11.1,88.9,9.5,0,85.7,9.5,4.8,13.3,9.5,60,40,100,0,94.3,5.7
196,Paul George,LAC,31,54,38,16,33.7,56.3,43.7,43.5,14.1,40.7,8.9,15.8,17.4,29.4,27.7,72.3,67.3,32.7,42.9,57.1
196,Tristan Thompson,BOS,30,54,27,27,23.8,99.1,0.9,82.6,1.5,0,3.4,17.4,12.2,81.2,54.4,45.6,0,0,54.4,45.6
196,Tyler Herro,MIA,21,54,29,25,30.3,57.5,42.5,49.1,15.5,39.4,11.2,11.5,15.2,33.6,46,54,72.9,27.1,55.4,44.6
196,Wendell Carter Jr.,ORL,22,54,21,33,25.5,88.8,11.2,71,9.2,7.4,4.3,21.6,13.2,61.7,76.7,23.3,93.3,6.7,77.8,22.2
208,Aron Baynes,TOR,34,53,20,33,18.5,66.1,33.9,66,6.8,25,2.8,9,12.3,59.3,73.8,26.2,100,0,79.1,20.9
208,Ben McLemore,LAL,28,53,20,33,17.1,23.3,76.7,18.7,4.4,71.7,13.8,9.6,17.5,14.3,81.6,18.4,95.9,4.1,91.9,8.1
208,Caleb Martin,CHA,25,53,23,30,15.4,51.2,48.8,49.2,10.6,35.2,20.5,15.6,16.7,38.6,60,40,87.1,12.9,68.8,31.3
208,Donovan Mitchell,UTA,24,53,39,14,33.4,57.7,42.3,42.8,10.8,38.1,8.4,19.1,10.8,32,15,85,50,50,28,72
208,Edmond Sumner,IND,25,53,23,30,16.2,68.8,31.2,56.6,1.5,26.3,30.8,17.1,22.1,55.1,69,31,94.3,5.7,75,25
208,Juan Toscano-Anderson,GSW,28,53,28,25,20.9,56,44,55.8,1.3,36.9,16.9,7.3,21.9,54.5,81,19,97.3,2.7,86,14
208,Willie Cauley-Stein,DAL,27,53,29,24,17.1,94,6,81.4,5,1.1,10.7,17.5,14.3,76.4,82.5,17.5,100,0,82.6,17.4
215,Cody Martin,CHA,25,52,26,26,16.3,69.1,30.9,64.7,5.8,23.2,18.8,12.1,24.6,58.9,59.7,40.3,87.5,12.5,65.1,34.9
215,De'Anthony Melton,MEM,23,52,27,25,20.1,46.3,53.7,36,4.2,55.3,21.4,8.7,14.6,31.8,41.2,58.8,79.3,20.7,60.5,39.5
215,Fred VanVleet,TOR,27,52,22,30,36.5,45.3,54.7,32.2,8,51.2,13.8,16.6,18.4,24.1,30.5,69.5,66.1,33.9,48.8,51.2
215,Hamidou Diallo,DET,22,52,18,34,23.6,82.6,17.4,64.9,7,13.9,14.1,21.2,16.2,57.9,43.4,56.6,96.4,3.6,50,50
215,Jimmy Butler,MIA,31,52,33,19,33.6,86.1,13.9,61.1,11.5,6.7,14.6,32.2,17.9,49.6,35.8,64.2,68,32,38,62
215,Juancho Hernangomez,MIN,25,52,19,33,17.3,43.8,56.2,40,0,44,8.3,16,15.7,40,74.7,25.3,98.2,1.8,84.6,15.4
215,Kawhi Leonard,LAC,30,52,36,16,34.1,72,28,56.3,15.8,23.5,8.8,20.2,17,40.6,28.6,71.4,71.3,28.7,37.8,62.2
215,Luguentz Dort,OKC,22,52,18,34,29.7,48.5,51.5,36.8,2.2,46.5,11.5,16.7,15.1,34.6,45.5,54.5,89.4,10.6,65.6,34.4
215,Marc Gasol,LAL,36,52,32,20,19.1,37.1,62.9,29,3.1,57.3,0,13.7,11.8,26,73.7,26.3,98,2,87.5,12.5
215,P.J. Tucker,MIL,36,52,27,25,26.1,32.8,67.2,26.9,2.1,62.2,8.3,10.9,15,24.9,80.8,19.2,100,0,92.4,7.6
215,Robert Williams III,BOS,23,52,29,23,18.9,99.2,0.8,89.2,3.8,0,9.1,10.8,16.3,85.4,73.7,26.3,0,0,73.7,26.3
226,Danilo Gallinari,ATL,32,51,29,22,24,46.5,53.5,30.5,14.5,45.7,3.3,23.8,8.6,16,51.5,48.5,93.2,6.8,72.3,27.7
226,DeAndre' Bembry,TOR,26,51,23,28,19.1,76.8,23.2,70.3,0.7,14.3,21.8,15.4,20.1,69.6,58.3,41.7,92.9,7.1,62.4,37.6
226,James Johnson,NOP,34,51,21,30,20.5,63.3,36.7,62.5,3.3,25.3,11.1,12.2,12,59.2,55.7,44.3,93.5,6.5,63.7,36.3
226,Joel Embiid,PHI,27,51,39,12,31.1,82.9,17.1,55.5,19.3,12,6.6,32.5,13.6,36.3,42.9,57.1,87.9,12.1,48.6,51.4
226,Jordan McLaughlin,MIN,25,51,15,36,18.4,62,38,52.3,3.1,38.7,25.4,9,24.6,49.2,37.3,62.7,90.9,9.1,55,45
226,Jordan Poole,GSW,22,51,28,23,19.4,41.8,58.2,35.3,5.2,47.5,10.6,17.2,11.6,30.1,61.1,38.9,89.7,10.3,74.6,25.4
226,LaMelo Ball,CHA,19,51,23,28,28.8,61.2,38.8,50.1,5.7,34.4,10.6,15.5,16.1,44.3,28.4,71.6,72.8,27.2,42.3,57.7
226,Lauri Markkanen,CHI,24,51,20,31,25.8,43.2,56.8,37.7,0.9,51.4,6.5,10.9,8.8,36.8,72.5,27.5,99.2,0.8,85.2,14.8
226,Mike Conley,UTA,33,51,37,14,29.4,47.7,52.3,35.3,5.3,50.1,8.2,14.6,12.7,30,25.3,74.7,59.4,40.6,41.9,58.1
226,Mike Scott,PHI,32,51,35,16,16.7,26.5,73.5,21.6,3.8,74.6,12.2,3.8,7.5,17.8,73.9,26.1,100,0,92.1,7.9
226,R.J. Hampton,ORL,20,51,20,31,17.4,72.2,27.8,61.6,11.9,22.9,24,15.5,18.1,49.7,35.8,64.2,92.6,7.4,47.1,52.9
226,Sterling Brown,HOU,26,51,14,37,24.1,35.8,64.2,28.4,1.4,65.6,11.8,6,17.5,26.9,54.2,45.8,91.2,8.8,76.7,23.3
238,Aaron Gordon,DEN,25,50,29,21,27.7,64.7,35.3,55.7,7.8,28.6,10.2,15.7,13.3,47.9,49.4,50.6,83.1,16.9,58,42
238,Dario Saric,PHX,27,50,37,13,17.4,60.5,39.5,48.5,2.7,32.3,4.8,19.2,12.8,45.8,73.6,26.4,100,0,81.7,18.3
238,Derrick Rose,NYK,32,50,28,22,25.6,78.9,21.1,64.6,18,20.4,8.7,15,12.1,46.6,22.8,77.2,86,14,33.8,66.2
238,Gabe Vincent,MIA,25,50,27,23,13.1,36.1,63.9,34.7,2.5,57,10.3,8.3,21.9,32.2,47.6,52.4,80.4,19.6,64.8,35.2
238,Goran Dragic,MIA,35,50,30,20,26.7,56,44,44.3,8.6,40.6,11.2,15.1,14.4,35.7,32.2,67.8,80.2,19.8,50.4,49.6
238,Grayson Allen,MEM,25,50,26,24,25.2,33.8,66.2,24.8,1.9,60.3,22.7,14.9,14.1,22.9,60.6,39.4,90.7,9.3,79.2,20.8
238,Karl-Anthony Towns,MIN,25,50,19,31,33.8,64,36,48.9,5.5,29.5,4.8,21.6,13.9,43.4,55.8,44.2,93.4,6.6,66.6,33.4
238,Maxi Kleber,DAL,29,50,31,19,26.8,22.9,77.1,16.4,4.5,73.9,4,9.7,15.9,11.9,79.3,20.7,100,0,94.8,5.2
238,Onyeka Okongwu,ATL,20,50,31,19,12,98,2,84.2,0.9,0,3.5,15.8,19.3,83.3,75,25,0,0,75,25
238,PJ Dozier,DEN,24,50,36,14,21.8,58,42,52.5,7.8,36.6,15.3,10.9,16.4,44.7,56.4,43.6,87.2,12.8,66.2,33.8
238,Torrey Craig,PHX,30,50,33,17,16.1,53.3,46.7,51.1,7.3,42.7,9.1,6.2,17.9,43.8,57.1,42.9,97.4,2.6,71.6,28.4
238,Yuta Watanabe,TOR,26,50,24,26,14.5,50,50,39.4,3.7,49.5,12.8,11.1,13.3,35.8,65.1,34.9,97.2,2.8,79.7,20.3
250,Alec Burks,NYK,29,49,27,22,25.6,50.8,49.2,34.7,10.9,49.1,5,16.2,13.5,23.8,42.6,57.4,68.6,31.4,55.2,44.8
251,Cody Zeller,CHA,28,48,21,27,20.9,91.4,8.6,78.5,1.3,2.7,10.9,18.8,18.2,77.2,75.1,24.9,100,0,75.7,24.3
251,Jamal Murray,DEN,24,48,31,17,35.5,60.1,39.9,48.9,18.1,38,12.6,13.1,20.7,30.8,33.3,66.7,58.1,41.9,41.8,58.2
251,Marcus Smart,BOS,27,48,24,24,32.9,44.7,55.3,35.1,7.7,44.5,7.8,20.4,14.4,27.4,29.1,70.9,87.1,12.9,55.7,44.3
251,Nassir Little,POR,21,48,27,21,13.3,52.1,47.9,45.5,5.5,38.2,11.8,16.3,8.6,40,56,44,82.1,17.9,65.4,34.6
251,Saben Lee,DET,22,48,14,34,16.3,89,11,68.2,2.2,9,15.4,22.8,25.5,65.9,35.2,64.8,100,0,40.4,59.6
256,Brandon Goodwin,ATL,25,47,25,22,13.2,53.8,46.2,45.6,4.4,42.1,17.5,12.3,16.2,41.2,26.9,73.1,68.8,31.3,42.9,57.1
256,CJ McCollum,POR,29,47,28,19,34,52.5,47.5,43.4,17.1,46.6,10.6,10,12.1,26.3,30.1,69.9,61.5,38.5,43.2,56.8
256,Caris LeVert,IND,26,47,24,23,31.6,68.3,31.7,58,9.7,26.6,15.2,15.4,17.2,48.3,37.5,62.5,56,44,41.8,58.2
256,Cole Anthony,ORL,21,47,13,34,27.1,68.8,31.2,53.2,13.6,28.8,8.9,18,11.6,39.7,11.2,88.8,62.1,37.9,24.7,75.3
256,Frank Kaminsky,PHX,28,47,33,14,15.2,66.9,33.1,58.1,3.9,30,3.2,11.9,9.4,54.2,76.7,23.3,100,0,82.6,17.4
256,Jalen McDaniels,CHA,23,47,18,29,19.2,63,37,56.6,2.3,30.3,9.8,13.1,16.8,54.3,63.3,36.7,100,0,72.9,27.1
256,Josh Hart,NOP,26,47,21,26,28.7,43.9,56.1,40.6,4.1,43.5,26,15.9,10.6,36.4,59.1,40.9,98.4,1.6,75.5,24.5
256,Malachi Flynn,TOR,23,47,21,26,19.7,50.6,49.4,41.4,9.1,45.9,12.5,12.7,16.1,32.3,8.2,91.8,72.2,27.8,35.4,64.6
256,Monte Morris,DEN,26,47,30,17,25.5,65.4,34.6,56.1,12.5,31.8,15.6,12.1,17.3,43.7,40,60,80.4,19.6,51.1,48.9
256,Myles Turner,IND,25,47,22,25,31,52.3,47.7,46.3,1.7,35,7.3,18.7,14.9,44.6,75.9,24.1,100,0,84,16
256,Tony Snell,ATL,29,47,29,18,21.1,36.3,63.7,20.9,6.4,74.7,9.6,4.4,8.8,14.5,65.4,34.6,98.4,1.6,88.6,11.4
256,Willy Hernangomez,NOP,27,47,20,27,18,96.3,3.7,82.2,1.6,0.8,7.4,17,9.9,80.5,66.7,33.3,100,0,66.9,33.1
268,Aaron Nesmith,BOS,21,46,22,24,14.5,39.3,60.7,34.9,4.6,55,8.3,10.1,14.7,30.3,44.7,55.3,100,0,73.1,26.9
268,Andre Drummond,LAL,27,46,19,27,27,98.6,1.4,82.1,0,0,7.4,17.9,16.7,82.1,57.1,42.9,0,0,57.1,42.9
268,Blake Griffin,BKN,32,46,24,22,25.8,50.1,49.9,41.2,1.6,41.6,3,17.2,12.3,39.6,50,50,75.7,24.3,60.3,39.7
268,Damyean Dotson,CLE,27,46,14,32,19.7,45.7,54.3,47.4,15.6,44.8,15.9,7.8,18.5,31.8,49.3,50.7,89.1,10.9,64.7,35.3
268,Isaiah Hartenstein,CLE,23,46,20,26,12.1,96.5,3.5,78,2.5,2.5,5.1,19.5,16.9,75.4,78.3,21.7,100,0,78.7,21.3
268,JaVale McGee,DEN,33,46,21,25,14.7,91.5,8.5,82.5,4.7,4.5,3.6,13,13.6,77.7,59,41,100,0,60.4,39.6
268,Kyle Lowry,TOR,35,46,15,31,34.8,44.5,55.5,32.6,8.1,49.7,16.6,17.7,14.8,24.5,34.9,65.1,68.7,31.3,51.9,48.1
268,Mo Bamba,ORL,23,46,11,35,15.8,60.8,39.2,56.7,7.1,31.1,4.9,12.2,9,49.6,57.7,42.3,100,0,69,31
268,Nickeil Alexander-Walker,NOP,22,46,20,26,21.9,52.2,47.8,45.7,9.1,44.9,10,9.4,15,36.6,34.5,65.5,92.1,7.9,57.3,42.7
268,Terrence Ross,ORL,30,46,16,30,29.3,57.1,42.9,46,24.8,37.2,7.8,16.8,12.4,21.2,48.5,51.5,77.5,22.5,58.7,41.3
268,Wayne Ellington,DET,33,46,13,33,22,18.6,81.4,14.9,5,78.7,11.8,6.4,11.8,10,75.8,24.2,95.7,4.3,91.3,8.7
279,Aleksej Pokusevski,OKC,19,45,13,32,24.2,49.3,50.7,44.1,12.5,47.4,7.4,8.5,11.2,31.6,43.2,56.8,91.4,8.6,63.3,36.7
279,Chuma Okeke,ORL,22,45,15,30,25.2,56.5,43.5,49.3,19.5,42.1,9.2,8.6,10.9,29.8,40.7,59.3,98,2,61.5,38.5
279,Goga Bitadze,IND,21,45,19,26,12.5,59.3,40.7,54.5,5.2,26,10,19.5,14.3,49.4,63.5,36.5,100,0,72.3,27.7
279,Jake Layman,MIN,27,45,12,33,13.9,57.6,42.4,58.9,2.6,29.9,17.3,11.2,22.5,56.3,76.5,23.5,100,0,82.4,17.6
279,Kenyon Martin Jr.,HOU,20,45,10,35,23.7,69.8,30.2,60.6,0,25.1,13.8,14.3,21.5,60.6,70.1,29.9,100,0,76.5,23.5
279,LeBron James,LAL,36,45,30,15,33.4,65.4,34.6,56.5,9.8,27.7,18,15.8,16,46.7,32.7,67.3,51.9,48.1,37.4,62.6
279,Matt Thomas,UTA,26,45,27,18,7.3,37,63,33.1,23,58.3,7.9,8.6,15.8,10.1,69.6,30.4,96.3,3.7,84,16
279,Moritz Wagner,ORL,24,45,19,26,16,60.3,39.7,47.1,1.3,30,4.5,22.9,13.9,45.8,86.3,13.7,96.8,3.2,89.4,10.6
279,Nicolo Melli,DAL,30,45,26,19,12.6,39.7,60.3,34.3,7.5,51.5,4.5,14.2,14.9,26.9,47.8,52.2,100,0,73.9,26.1
279,Rajon Rondo,LAC,35,45,28,17,17.1,58.6,41.4,48.8,5,44.6,9.5,6.6,15.7,43.8,13.6,86.4,63.9,36.1,32.6,67.4
279,Taj Gibson,NYK,36,45,29,16,20.8,90.5,9.5,79.7,7.5,3.7,1.7,16.6,10.8,72.2,60.4,39.6,100,0,61.6,38.4
290,Amir Coffey,LAC,24,44,32,12,9,45.6,54.4,31.4,2.9,49.3,12.9,19.3,15.7,28.6,63.6,36.4,87,13,75.6,24.4
290,Bogdan Bogdanovic,ATL,28,44,30,14,29.7,41.1,58.9,33.6,9.7,60.8,9.9,5.6,16.1,23.9,39.7,60.3,83.6,16.4,63.7,36.3
290,Gordon Hayward,CHA,31,44,24,20,34,68.8,31.2,52.4,13.4,29.5,14.5,18.1,15.3,38.9,60.6,39.4,87.1,12.9,67.8,32.2
290,Ish Smith,WAS,32,44,23,21,21,83.5,16.5,75.3,25.1,18.3,10.5,6.4,11.5,50.2,26.1,73.9,94.4,5.6,35.7,64.3
290,JJ Redick,DAL,37,44,22,22,16.4,33.3,66.7,24.5,20.2,60.6,14.4,14.9,19.6,4.3,77.5,22.5,93.9,6.1,87.7,12.3
290,James Harden,BKN,31,44,31,13,36.6,54.5,45.5,40.8,1.7,33.5,9.8,25.7,12.7,39.2,16.7,83.3,24.8,75.2,19.6,80.4
290,Ryan Arcidiacono,CHI,27,44,20,24,10.2,42.7,57.3,35.3,7.4,55.1,12.5,9.6,22.1,27.9,54.2,45.8,100,0,77.6,22.4
297,John Konchar,MEM,25,43,23,20,13.4,59.4,40.6,52.2,4.3,34.2,20.1,13.6,21.7,47.8,75,25,100,0,82.6,17.4
297,Kemba Walker,BOS,31,43,22,21,31.8,47.8,52.2,37.9,9.4,46,13,16.1,15.7,28.5,26.8,73.2,55.1,44.9,39.4,60.6
297,Kristaps Porzingis,DAL,25,43,26,17,30.9,62.2,37.8,52.7,12.3,33.6,5.9,13.7,8.8,40.5,71.1,28.9,96.9,3.1,78.8,21.2
297,Marvin Bagley III,SAC,22,43,20,23,25.9,78,22,69.1,2.6,18.3,10.2,12.6,11.8,66.4,62.4,37.6,91.9,8.1,66.8,33.2
297,Moses Brown,BOS,21,43,8,35,21.4,100,0,78.9,0,0,3.8,21.1,13.5,78.9,50.7,49.3,0,0,50.7,49.3
297,O.G. Anunoby,TOR,23,43,18,25,33.3,49.7,50.3,42.5,3.5,45.7,14.8,11.8,18.6,39,51,49,97.1,2.9,70.3,29.7
303,D'Angelo Russell,MIN,25,42,16,26,28.5,52.5,47.5,40.5,13.8,45.2,11.7,14.3,13.6,26.6,28.6,71.4,59.2,40.8,41.6,58.4
303,Evan Fournier,BOS,28,42,18,24,30,47.7,52.3,36.2,9.2,48.8,11.5,15,13.4,27,48.5,51.5,78.6,21.4,62.8,37.2
303,Jaylen Nowell,MIN,21,42,10,32,18.1,55.2,44.8,48.5,13.2,39.6,9,11.9,17.7,35.4,44.6,55.4,80,20,57,43
303,Kevin Knox II,NYK,21,42,26,16,11.1,37.8,62.2,25.8,4.9,64.4,14.1,9.8,16.6,20.9,81,19,100,0,92.9,7.1
303,Malik Monk,CHA,23,42,19,23,20.9,46.9,53.1,35.9,4.9,52,12.2,12.1,19,31,43.2,56.8,80,20,61.3,38.7
303,Tony Bradley,OKC,23,42,15,27,16.3,98.5,1.5,87.3,3.3,0,7,12.7,13.7,84,68.7,31.3,0,0,68.7,31.3
303,Zeke Nnaji,DEN,20,42,30,12,9.5,43.3,56.7,38.2,4.4,52.9,8.8,8.9,17.6,33.8,76.9,23.1,95.8,4.2,86,14
310,Chasson Randle,ORL,28,41,10,31,20.4,45.1,54.9,36.1,5.3,49.6,13.9,14.3,13.9,30.8,27.1,72.9,68.2,31.8,46.7,53.3
310,Christian Wood,HOU,25,41,12,29,32.3,67.8,32.2,58.6,4.9,26.9,7.7,14.5,13.6,53.7,68.7,31.3,87,13,72.9,27.1
310,DeMarcus Cousins,LAC,30,41,22,19,17.4,55.7,44.3,45.4,1.6,38.5,3.3,16.1,15.8,43.7,47,53,97.9,2.1,65.4,34.6
310,Isaiah Joe,PHI,21,41,22,19,9.3,20.3,79.7,11.8,9.2,76.5,7.2,11.7,15.7,2.6,55.6,44.4,100,0,91.7,8.3
310,James Ennis III,ORL,30,41,12,29,24.1,57.2,42.8,40.6,4.6,39.1,9.6,20.3,15.4,35.9,58.6,41.4,93.3,6.7,72.2,27.8
310,Javonte Green,CHI,27,41,19,22,11.6,70.6,29.4,58.9,5.5,20.5,18.5,20.6,26,53.4,46.5,53.5,100,0,56.6,43.4
310,Serge Ibaka,LAC,31,41,24,17,23.3,68.5,31.5,64.8,13.7,25.8,3.5,9.4,12.1,51.1,67.3,32.7,100,0,74.2,25.8
310,Taurean Prince,CLE,27,41,15,26,22.1,52.6,47.4,35.5,9.3,47.8,17.5,16.7,16.5,26.2,53.6,46.4,85.5,14.5,68.7,31.3
310,Vlatko Cancar,DEN,24,41,28,13,6.9,54.2,45.8,56.5,4.7,31.8,5.9,11.7,11.8,51.8,75,25,100,0,81.8,18.2
310,Wes Iwundu,NOP,26,41,17,24,13.1,59.8,40.2,58.6,2,15.2,34.3,26.2,13.1,56.6,82.8,17.2,100,0,85.3,14.7
320,Eric Paschall,GSW,24,40,20,20,17.4,81.9,18.1,68.2,19.9,14.2,8.1,17.6,16.5,48.3,56.2,43.8,94.4,5.6,60.8,39.2
320,Frank Jackson,DET,23,40,13,27,18.5,48.8,51.2,37.4,5.6,46.9,12.8,15.7,14.1,31.8,54.8,45.2,98.4,1.6,74.6,25.4
320,Isaac Bonga,WAS,21,40,16,24,10.8,42,58,43.6,0,50,14.1,6.4,14.1,43.6,52.9,47.1,100,0,73.3,26.7
320,John Wall,HOU,30,40,12,28,32.2,65.7,34.3,52,11.2,28.8,14.7,19.2,18.1,40.8,8.4,91.6,70.9,29.1,25.3,74.7
320,Lamar Stevens,CLE,23,40,13,27,12.5,81.6,18.4,70.3,15.8,7.3,11.5,22.4,24.2,54.5,65.5,34.5,100,0,67.7,32.3
320,Langston Galloway,PHX,29,40,29,11,10.9,42.2,57.8,31.6,16.8,56.8,8.9,11.6,12.1,14.7,80,20,100,0,90.9,9.1
326,Alfonzo McKinnie,LAL,28,39,22,17,6.6,58.1,41.9,52.5,4.9,39.3,4.9,8.2,23.8,47.5,59.4,40.6,93.8,6.3,70.8,29.2
326,Damian Jones,SAC,26,39,24,15,14,95.1,4.9,75.4,2.2,1.6,12,23,12,73.2,88.4,11.6,100,0,88.6,11.4
326,Gary Clark,PHI,26,39,12,27,16.8,18.2,81.8,15.1,0,78.2,5,6.7,16.8,15.1,66.7,33.3,100,0,92.5,7.5
326,Gary Harris,ORL,26,39,15,24,27.7,59.1,40.9,46.4,8.2,37.1,13.7,16.5,16.5,38.1,63.3,36.7,85.4,14.6,71,29
326,James Wiseman,GSW,20,39,18,21,21.4,89.7,10.3,79.9,12.1,8,11.8,12.1,16.3,67.9,82.7,17.3,83.3,16.7,82.7,17.3
326,Josh Green,DAL,20,39,20,19,11.4,73.1,26.9,75.2,5.9,11.9,25.7,12.9,27.7,69.3,65.8,34.2,100,0,69,31
326,Max Strus,MIA,25,39,14,25,13,20.9,79.1,29.7,0,63.6,13.6,6.7,16.1,29.7,68.6,31.4,98,2,85.9,14.1
326,Mfiondu Kabengele,CLE,23,39,20,19,7.2,43.8,56.2,42.1,2.1,41.1,4.2,16.8,14.7,40,50,50,92.3,7.7,66.7,33.3
326,Tyler Johnson,BKN,29,39,29,10,17.5,27.9,72.1,22.9,6.7,68.6,18.6,8.5,8.6,16.2,62.5,37.5,95.8,4.2,84.7,15.3
335,Gorgui Dieng,SAS,31,38,14,24,14.5,57.1,42.9,42.6,6.2,34.9,8.5,22.5,14.3,36.4,60,40,96.7,3.3,72.9,27.1
335,Harry Giles III,POR,23,38,23,15,9.2,76.3,23.7,63,9.3,22.2,13,14.8,13,53.7,41.2,58.8,100,0,52.4,47.6
335,Patrick Patterson,LAC,32,38,26,12,15.3,32.1,67.9,32.5,8.1,60.9,8.1,6.6,13.2,24.4,65.6,34.4,97.5,2.5,83.3,16.7
338,Jusuf Nurkic,POR,26,37,22,15,23.8,91,9,75,1.4,8.5,5,16.5,12,73.6,71.1,28.9,91.7,8.3,72.5,27.5
338,KZ Okpala,MIA,22,37,22,15,12.1,47.9,52.1,52.2,2.2,39.1,9.8,8.7,19.6,50,66.7,33.3,100,0,77.8,22.2
338,Malik Beasley,MIN,24,37,8,29,32.8,46.5,53.5,37.6,7.2,53,15.3,9.4,19.2,30.4,63.2,36.8,87.5,12.5,75,25
338,Markus Howard,DEN,22,37,24,13,5.5,38.7,61.3,41.9,11.4,51.4,13.3,6.7,19,30.5,40.9,59.1,77.8,22.2,57.5,42.5
338,Maurice Harkless,SAC,28,37,16,21,20.9,49.1,50.9,47.4,6.2,35.6,9.8,17,19.1,41.2,71.7,28.3,91.3,8.7,78.3,21.7
338,Nemanja Bjelica,MIA,33,37,16,21,16.1,56.6,43.4,51.2,1.7,33.5,13.2,15.3,11.2,49.6,64.5,35.5,88.9,11.1,71.9,28.1
338,Patrick Beverley,LAC,32,37,25,12,22.5,35.9,64.1,26.6,1.4,60.4,11.5,13,11.2,25.2,37.8,62.2,92.9,7.1,71,29
338,Tre Jones,SAS,21,37,15,22,7.3,93.6,6.4,72.3,8.5,9.6,14.9,18.1,12.8,63.8,41.2,58.8,33.3,66.7,40.5,59.5
346,Anthony Davis,LAL,28,36,23,13,32.3,83.7,16.3,70,16.3,9.9,8.4,20.1,12.7,53.7,57.5,42.5,96.2,3.8,60.8,39.2
346,Austin Rivers,DEN,28,36,20,16,23.5,39.2,60.8,34.4,3.5,57.9,9.8,7.7,22.1,30.9,28.6,71.4,76.4,23.6,53.8,46.2
346,Chimezie Metu,SAC,24,36,14,22,13.6,79.3,20.7,69,12.4,17.3,11.5,13.7,10.6,56.6,73.1,26.9,92.3,7.7,75.8,24.2
346,Danuel House Jr.,HOU,28,36,8,28,25.9,42.6,57.4,35.6,4.4,51.4,11.4,13,27,31.1,64.3,35.7,81.5,18.5,72.7,27.3
346,Derrick White,SAS,26,36,18,18,29.5,46.4,53.6,36.9,4.3,45.6,9.8,17.5,14.8,32.5,48,52,86.9,13.1,65.6,34.4
346,Hassan Whiteside,SAC,32,36,16,20,15.2,99.6,0.4,86,8.2,0,2.7,14,12.3,77.8,72.2,27.8,0,0,72.2,27.8
346,Jeremy Lamb,IND,29,36,16,20,21.3,53.6,46.4,37.5,8.3,43,10.5,19.5,13.2,29.2,52.9,47.1,82.7,17.3,65.8,34.2
346,Justin James,SAC,24,36,15,21,8.6,65.8,34.2,54.7,7.2,30.2,11.5,15.1,18.7,47.5,65.8,34.2,100,0,75,25
354,D.J. Wilson,HOU,25,35,13,22,12.4,48.2,51.8,41.5,8.7,49.2,6,9.3,11.5,32.8,76.3,23.7,93.3,6.7,83.8,16.2
354,Kelan Martin,IND,25,35,16,19,9.2,56.5,43.5,48.4,10.2,45.9,37.6,5.7,28.7,38.2,52.6,47.4,91.7,8.3,67.7,32.3
354,Kevin Durant,BKN,32,35,23,12,33.1,68.7,31.3,50.7,19.3,27,10.8,22.3,11.9,31.4,47.7,52.3,64.7,35.3,52.2,47.8
354,Larry Nance Jr.,CLE,28,35,13,22,31.2,58.1,41.9,53.2,5.5,37.6,7,9.2,17.4,47.7,74.7,25.3,95.1,4.9,81.3,18.8
354,Mike Muscala,OKC,29,35,15,20,18.4,31.1,68.9,30.1,7.7,60.2,6.5,9.7,13.9,22.4,76.5,23.5,97.1,2.9,88.2,11.8
354,Shai Gilgeous-Alexander,OKC,22,35,16,19,33.7,69.9,30.1,52,4.3,25.7,5.4,22.3,10.1,47.7,7.4,92.6,29.6,70.4,12.9,87.1
360,Jarrett Culver,MIN,22,34,7,27,14.7,68.5,31.5,62.2,1.1,21.7,12.2,16.1,18.3,61.1,58.9,41.1,100,0,66.7,33.3
360,Justin Jackson,MIL,26,34,12,22,17,47.1,52.9,43.3,6.5,44.1,7.8,12.6,15.5,36.7,71.7,28.3,80.6,19.4,75.3,24.7
360,Shaquille Harrison,DEN,27,34,27,7,9.8,79.5,20.5,63,8.2,12.3,30.1,24.7,16.4,54.8,30.4,69.6,100,0,38.5,61.5
360,Troy Brown Jr.,CHI,21,34,10,24,15.4,51.4,48.6,49.7,8.7,41,16.1,9.3,18.6,41,60,40,100,0,74.2,25.8
364,Boban Marjanovic,DAL,32,33,14,19,8.2,93.4,6.6,78.2,7.7,1.9,5.1,19.9,9,70.5,60.7,39.3,100,0,61.3,38.7
364,Bruno Fernando,ATL,22,33,20,13,6.8,95.5,4.5,70.6,0,0,11.8,29.4,23.5,70.6,83.3,16.7,0,0,83.3,16.7
364,Frank Ntilikina,NYK,22,33,23,10,9.8,39.2,60.8,13.5,4.5,77.5,3.4,9,21.3,9,0,100,95.7,4.3,75.9,24.1
364,Luka Samanic,SAS,21,33,14,19,9.3,59,41,57.4,3.3,29.5,10.7,13.1,13.9,54.1,57.1,42.9,100,0,68.1,31.9
364,Nathan Knight,ATL,23,33,21,12,8.4,67,33,50,0,14.5,6.5,35.5,10.5,50,77.4,22.6,100,0,81.1,18.9
364,Skylar Mays,ATL,23,33,19,14,8.2,59.2,40.8,48.4,8.1,33.9,11.3,17.7,20.2,40.3,40,60,92.9,7.1,56.8,43.2
364,Ty Jerome,OKC,23,33,7,26,23.9,41.5,58.5,32.3,2.8,60.3,2.5,7.4,10.2,29.5,22.8,77.2,81.7,18.3,55.5,44.5
364,Victor Oladipo,MIA,29,33,13,20,32.7,58.5,41.5,48.2,6.7,35.9,13.2,15.9,16.9,41.4,35.7,64.3,65.4,34.6,45.5,54.5
372,Bol Bol,DEN,21,32,21,11,5,58.6,41.4,46.4,11.6,39.1,17.4,14.5,14.5,34.8,62.5,37.5,66.7,33.3,64,36
372,Brodric Thomas,CLE,24,32,6,26,12.5,45.4,54.6,36.8,6.4,38.4,15.2,24.8,26.4,30.4,47.8,52.2,81.3,18.8,61.5,38.5
372,Mason Jones,PHI,22,32,10,22,10.5,46.3,53.7,33.3,7.1,42.9,9.5,23.8,19.6,26.2,50,50,70.8,29.2,59.6,40.4
372,Naji Marshall,NOP,23,32,14,18,21.9,60.3,39.7,43.1,2.4,35.4,15,21.5,16.3,40.7,54.7,45.3,96.6,3.4,69.5,30.5
372,Nic Claxton,BKN,22,32,23,9,18.6,96.6,3.4,84,0,1.4,16.5,14.6,18.9,84,75.3,24.7,100,0,75.6,24.4
372,Tyler Cook,DET,23,32,11,21,13.7,98.1,1.9,87.2,0,1.9,9,10.9,12.8,87.2,69.1,30.9,100,0,69.6,30.4
378,Carsen Edwards,BOS,23,31,14,17,8.9,43.2,56.8,47.2,11.4,43.9,19.5,8.9,12.2,35.8,58.6,41.4,66.7,33.3,61.7,38.3
378,DaQuan Jeffries,SAS,23,31,6,25,15.9,44.2,55.8,47.2,6.3,47.2,12.6,5.6,5.5,40.9,60,40,95,5,74,26
378,Dylan Windler,CLE,24,31,11,20,16.5,40.8,59.2,38.5,2.5,48.4,9.3,13.1,18.6,36,54.8,45.2,96.2,3.8,73.7,26.3
378,Kyle Guy,SAC,23,31,11,20,7.6,47.7,52.3,36.8,9.2,44.8,10.3,18.4,19.5,27.6,56.3,43.8,92.3,7.7,72.4,27.6
378,Luke Kornet,BOS,25,31,13,18,11.2,41.6,58.4,54.7,3.8,42.5,0,2.8,9.4,50.9,72.4,27.6,100,0,81.8,18.2
378,Michael Carter-Williams,ORL,29,31,12,19,25.8,77.4,22.6,65.7,3.6,16.4,12,17.9,16.4,62,34.4,65.6,86.7,13.3,41.9,58.1
378,Mitchell Robinson,NYK,23,31,15,16,27.5,100,0,89.8,0,0,2.3,10.2,7.8,89.8,62.6,37.4,0,0,62.6,37.4
385,CJ Elleby,POR,21,30,19,11,6.4,48.5,51.5,52.9,14.7,30.9,5.9,16.2,16.2,38.2,44.4,55.6,71.4,28.6,52,48
385,Daniel Oturu,LAC,21,30,21,9,5.4,90.4,9.6,77.8,3.7,5.6,0,16.6,27.8,74.1,38.1,61.9,100,0,40.9,59.1
385,David Nwaba,HOU,28,30,8,22,22.6,71.1,28.9,64.5,0,18.5,21.7,17,25.7,64.5,56.2,43.8,100,0,63.2,36.8
385,George Hill,PHI,35,30,16,14,22.4,59.4,40.6,49,8.4,35.6,5.7,15.4,11.9,40.6,45.3,54.7,80.6,19.4,56.8,43.2
385,Jordan Nwora,MIL,22,30,19,11,9.1,54.1,45.9,39.8,15.2,49.1,7.6,11.1,14.6,24.6,44.1,55.9,64.3,35.7,53.2,46.8
385,Keita Bates-Diop,SAS,25,30,13,17,8.2,74.6,25.4,63.3,0,19,2.5,17.7,3.8,63.3,64,36,100,0,70,30
385,Nico Mannion,GSW,20,30,17,13,12.1,47.4,52.6,27.6,3.3,53.7,15.4,18.7,15.4,24.4,35.3,64.7,72.7,27.3,56.4,43.6
385,Sam Merrill,MIL,25,30,18,12,7.8,34.7,65.3,24.7,6.7,70.8,22.5,4.5,18,18,54.5,45.5,81,19,71.9,28.1
385,Trent Forrest,UTA,23,30,22,8,10.1,63.4,36.6,61.4,11.4,17,3.4,21.6,13.6,50,25.9,74.1,100,0,37.5,62.5
385,Trevor Ariza,MIA,36,30,17,13,28,40.7,59.3,34.8,0.7,53.2,17.7,12,18.1,34,77.6,22.4,94,6,85.9,14.1
395,JaKarr Sampson,IND,28,29,14,15,10.9,86.7,13.3,79.1,6,6.7,8.2,14.2,11.9,73.1,69.8,30.2,100,0,71.4,28.6
395,Juwan Morgan,UTA,24,29,24,5,5.1,56.7,43.3,57.1,0,34.3,11.4,8.6,8.6,57.1,70,30,100,0,78.6,21.4
397,Al Horford,OKC,35,28,11,17,27.9,57.8,42.2,53.3,12.1,42.2,2.5,4.5,12.8,41.2,56.6,43.4,92.9,7.1,69.1,30.9
397,Jarrell Brantley,UTA,25,28,23,5,4.9,46.2,53.8,40.6,0,56.3,10.9,3.1,6.3,40.6,30.8,69.2,91.7,8.3,60,40
397,Otto Porter Jr.,ORL,28,28,12,16,21.7,54.2,45.8,43.5,13.3,43.2,10.3,13.3,11.8,30.3,61,39,97.4,2.6,75.5,24.5
400,Avery Bradley,HOU,30,27,6,21,22.3,40.9,59.1,35.8,5.8,57.2,10.4,7,12.7,30.1,71,29,93.9,6.1,82.8,17.2
400,E'Twaun Moore,PHX,32,27,20,7,14.4,71.1,28.9,66.2,10.5,24.8,3,9,15.8,55.6,43.2,56.8,90.9,9.1,52.7,47.3
400,Eric Gordon,HOU,32,27,10,17,29.2,42.8,57.2,37.4,0,43,6.4,19.6,13.9,37.4,31.1,68.9,75.4,24.6,50.3,49.7
400,Jahlil Okafor,DET,25,27,5,22,12.9,91.2,8.8,84.1,5.5,4.1,3.4,11.8,10.3,78.6,47.5,52.5,100,0,49.2,50.8
400,Jalen Smith,PHX,21,27,19,8,5.8,66,34,67.9,3.8,22.6,7.5,9.5,3.8,64.2,77.8,22.2,100,0,81.8,18.2
400,Paul Watson,TOR,26,27,13,14,11,22,78,14.4,0,81.1,10.8,4.5,23.4,14.4,37.5,62.5,86.7,13.3,76.3,23.7
406,Anthony Gill,WAS,28,26,11,15,8.4,60,40,57.5,0,26.3,2.5,16.2,15,57.5,78.3,21.7,85.7,14.3,80,20
406,Cam Reddish,ATL,21,26,10,16,28.9,52.1,47.9,43.2,4.1,33.9,8.6,22.9,17.8,39,60.3,39.7,93.9,6.1,71.9,28.1
406,Justise Winslow,MEM,25,26,13,13,19.5,74.3,25.7,71.9,10.1,16.9,26.4,11.2,19.1,61.8,51.6,48.4,100,0,58.1,41.9
406,Kevin Porter Jr.,HOU,21,26,4,22,32.1,56.1,43.9,49.2,8.4,34.8,10.4,16,16.5,40.8,17.9,82.1,40,60,25,75
406,Killian Hayes,DET,19,26,6,20,25.8,64.2,35.8,58,9.1,34.1,5.1,7.9,14.2,48.9,23.5,76.5,85,15,40.8,59.2
406,LaMarcus Aldridge,BKN,35,26,15,11,25.9,73,27,61.9,37.5,26.4,2.6,11.7,9.9,24.4,68.8,31.2,96.8,3.2,75,25
406,Paul Reed,PHI,22,26,17,9,6.8,92.3,7.7,95.5,9.1,0,4.5,4.5,25,86.4,66.7,33.3,0,0,66.7,33.3
406,Reggie Perry,BKN,21,26,18,8,8.1,73.1,26.9,71.8,2.6,15.4,11.5,12.8,15.4,69.2,64.3,35.7,100,0,68.8,31.3
406,Tremont Waters,BOS,23,26,13,13,9.1,54.8,45.2,38.4,8.1,45.5,12.1,16.1,22.2,30.3,5.3,94.7,33.3,66.7,17.6,82.4
415,Chandler Hutchison,WAS,25,25,11,14,13.8,78.6,21.4,57.9,3.7,22.4,9.3,19.7,7.5,54.2,87.1,12.9,100,0,89.7,10.3
415,Kevin Love,CLE,32,25,7,18,24.9,38.1,61.9,30.2,7.9,56.1,3.6,13.7,11.5,22.3,60.9,39.1,89.5,10.5,76.7,23.3
417,Abdel Nader,PHX,27,24,16,8,14.8,62.9,37.1,48.8,0,33.8,11.9,17.4,13.1,48.8,71.8,28.2,100,0,80.7,19.3
417,Anthony Lamb,HOU,23,24,3,21,17.3,39.8,60.2,34.6,0,51.9,5.3,13.5,5.3,34.6,52.2,47.8,100,0,76.1,23.9
417,Cassius Stanley,IND,21,24,10,14,3.9,69.8,30.2,55.6,0,25,38.9,19.4,5.6,55.6,60,40,100,0,69.2,30.8
420,Al-Farouq Aminu,CHI,30,23,5,18,18.9,62.6,37.4,58.8,11.8,23.5,10.8,17.7,9.8,47.1,46.7,53.3,87.5,12.5,55.3,44.7
420,De'Andre Hunter,ATL,23,23,12,11,29.5,61.7,38.3,51.7,14.5,27,7.3,21.3,13.1,37.2,62.9,37.1,90.3,9.7,70,30
420,Dennis Smith Jr.,DET,23,23,7,16,18.3,60,40,50.6,11.7,37,7.8,12.4,12.3,39,23.1,76.9,52.6,47.4,32.8,67.2
420,Ed Davis,MIN,32,23,5,18,13,100,0,79.2,0,0,0,20.8,14.6,79.2,36.8,63.2,0,0,36.8,63.2
420,Glenn Robinson III,SAC,27,23,9,14,16.1,55.6,44.4,43,1.7,39.7,5,17.3,5.8,41.3,61.5,38.5,100,0,76.2,23.8
420,Quinn Cook,CLE,28,23,13,10,6.8,61.8,38.2,47.4,15.8,43.4,11.8,9.2,11.8,31.6,33.3,66.7,45.5,54.5,37.9,62.1
420,Trey Lyles,SAS,25,23,10,13,15.6,55.6,44.4,50.4,3.5,36.5,10.4,13.1,22.6,47,69,31,100,0,79.1,20.9
427,Cassius Winston,WAS,23,22,10,12,4.5,48.5,51.5,29.3,19.5,58.5,7.3,12.2,4.9,9.8,16.7,83.3,87.5,12.5,57.1,42.9
427,Chris Chiozza,BKN,25,22,12,10,10.6,52.3,47.7,40.9,9.1,44.3,26.1,14.8,17,31.8,38.9,61.1,46.2,53.8,41.9,58.1
429,Josh Hall,OKC,20,21,2,19,16,62.6,37.4,60.5,4.7,14,11.6,25.5,19.8,55.8,46.2,53.8,100,0,53.3,46.7
429,Nate Hinton,DAL,22,21,11,10,4.4,54.8,45.2,53.7,29.3,29.3,14.6,17,19.5,24.4,18.2,81.8,75,25,33.3,66.7
429,Oshae Brissett,IND,23,21,10,11,24.7,48.3,51.7,34.9,0,43.2,19.2,21.9,17.5,34.9,72.5,27.5,97,3,83.6,16.4
429,Rodions Kurucs,MIL,23,21,10,11,5.9,34.4,65.6,32.3,0,58.1,0,9.6,6.5,32.3,80,20,100,0,90.9,9.1
429,Sindarius Thornwell,ORL,26,21,7,14,10.3,50,50,39,0,51.2,17.1,9.8,19.5,39,50,50,100,0,73.3,26.7
429,Wenyen Gabriel,NOP,24,21,9,12,11.5,46.7,53.3,30.6,2.8,54.2,9.7,15.2,18.1,27.8,36.4,63.6,100,0,70.8,29.2
435,Armoni Brooks,HOU,23,20,3,17,26,18.2,81.8,16.1,0.9,80.7,7.6,3.2,15.7,15.2,72.2,27.8,85,15,82.1,17.9
435,Deividas Sirvydis,DET,21,20,8,12,6.7,30,70,19.5,0,73.2,12.2,7.3,4.9,19.5,100,0,70,30,78.6,21.4
435,Devontae Cacok,LAL,24,20,8,12,4.9,100,0,87.2,0,0,12.8,12.8,20.5,87.2,70.6,29.4,0,0,70.6,29.4
435,Freddie Gillespie,TOR,24,20,7,13,19.6,100,0,79.3,3.6,0,3.6,20.7,12.6,75.7,68.2,31.8,0,0,68.2,31.8
435,Quinndary Weatherspoon,SAS,24,20,8,12,6.1,82.9,17.1,65.2,8.7,6.5,30.4,28.3,23.9,56.5,40,60,100,0,43.8,56.3
440,Jaylen Hoard,OKC,22,19,1,18,16.8,87.5,12.5,75.9,1.7,0,9.5,24.1,15.5,74.1,63.6,36.4,0,0,63.6,36.4
440,Tacko Fall,BOS,25,19,13,6,7.1,100,0,89.4,4.3,0,0,10.6,19.1,85.1,61.9,38.1,0,0,61.9,38.1
440,Vernon Carey Jr.,CHA,20,19,9,10,6,80.6,19.4,73.9,21.7,6.5,4.3,19.6,34.8,52.2,70.6,29.4,100,0,72.2,27.8
443,Alize Johnson,BKN,25,18,10,8,10.5,91.2,8.8,83,4.3,3.2,16,13.8,16,78.7,61.5,38.5,100,0,62.5,37.5
443,Cristiano Felicio,CHI,28,18,6,12,4.6,84.6,15.4,60.9,0,0,0,39.1,13,60.9,42.9,57.1,0,0,42.9,57.1
443,Darius Miller,OKC,31,18,5,13,10.9,12.5,87.5,13.7,13.7,69.9,9.6,16.4,4.1,0,60,40,76.5,23.5,72.7,27.3
443,Elijah Hughes,UTA,23,18,14,4,3.5,23.3,76.7,12.9,6.5,77.4,9.7,9.7,9.7,6.5,100,0,87.5,12.5,90,10
443,Killian Tillie,MEM,23,18,11,7,10.1,42.1,57.9,31.6,0,52.6,24.6,15.8,24.6,31.6,88.9,11.1,100,0,94.7,5.3
443,Nick Richards,CHA,23,18,9,9,3.5,88.9,11.1,53.3,0,0,13.3,46.7,13.3,53.3,100,0,0,0,100,0
443,Romeo Langford,BOS,21,18,9,9,15.7,69.5,30.5,57.1,0,26.8,19.6,16.1,7.1,57.1,37.5,62.5,100,0,52.4,47.6
443,Sean McDermott,MEM,24,18,10,8,8.8,33.3,66.7,41,5.1,38.5,20.5,20.5,35.9,35.9,25,75,100,0,53.8,46.2
443,Tyler Bey,DAL,23,18,11,7,3.9,81.8,18.2,66.7,0,16.7,27.8,16.6,33.3,66.7,66.7,33.3,0,100,57.1,42.9
452,Ersan Ilyasova,UTA,34,17,14,3,8.7,24.1,75.9,9.2,3.1,83.1,7.7,7.7,10.8,6.2,66.7,33.3,100,0,95.2,4.8
452,Jerome Robinson,WAS,24,17,5,12,17.9,55.8,44.2,41,21.7,39.8,6,19.2,26.5,19.3,52.9,47.1,100,0,71.4,28.6
452,Keljin Blevins,POR,25,17,11,6,4.4,60,40,50,0,50,33.3,0,0,50,0,100,100,0,40,60
452,Theo Pinson,NYK,25,17,9,8,2,11.1,88.9,100,0,0,0,0,0,100,0,100,0,0,0,100
456,Dewayne Dedmon,MIA,31,16,11,5,13.2,92.3,7.7,79.6,1.8,2.7,1.8,17.7,11.5,77.9,68.9,31.1,100,0,69.6,30.4
456,Rodney McGruder,DET,29,16,3,13,12.1,65.7,34.3,57.1,8.8,36.3,18.7,6.6,15.4,48.4,46.2,53.8,100,0,62.2,37.8
458,Alen Smailagic,GSW,20,15,10,5,5.6,63,37,50,0,42.9,0,7.1,7.1,50,42.9,57.1,100,0,63.6,36.4
458,Chris Silva,SAC,24,15,8,7,6.2,93.8,6.3,56.3,6.3,9.4,6.3,34.3,0,50,77.8,22.2,100,0,80,20
458,Kostas Antetokounmpo,LAL,23,15,6,9,3.7,100,0,50,0,0,0,50,8.3,50,33.3,66.7,0,0,33.3,66.7
458,Ty-Shon Alexander,PHX,22,15,11,4,3.2,25,75,22.2,0,66.7,22.2,11.1,0,22.2,0,100,50,50,33.3,66.7
458,Udoka Azubuike,UTA,21,15,13,2,3.8,100,0,50,0,0,0,50,12.5,50,75,25,0,0,75,25
463,Adam Mokoka,CHI,22,14,3,11,4,47.4,52.6,80,0,20,40,0,33.3,80,33.3,66.7,100,0,42.9,57.1
463,Jordan Bone,ORL,23,14,2,12,14,40.7,59.3,46.4,25,53.6,8.9,0,10.7,21.4,15.4,84.6,50,50,30.4,69.6
463,Mamadi Diakite,MIL,24,14,7,7,10.1,80,20,68.2,13.6,6.8,13.6,25,25,54.5,66.7,33.3,100,0,68.8,31.3
463,Rayjon Tucker,PHI,23,14,8,6,4.9,61.1,38.9,41.2,0,17.6,11.8,41.2,17.6,41.2,71.4,28.6,50,50,66.7,33.3
467,Donta Hall,ORL,23,13,3,10,13.8,100,0,68.5,0,0,12.3,31.5,13.7,68.5,72,28,0,0,72,28
467,Ignas Brazdeikis,ORL,22,13,3,10,19.1,66.3,33.7,52.7,6.6,36.3,2.2,11,19.8,46.2,54.2,45.8,90.9,9.1,65.7,34.3
467,Jabari Parker,BOS,26,13,4,9,12.7,80,20,77.8,16.7,8.3,8.3,13.9,8.3,61.1,64.3,35.7,100,0,66.7,33.3
467,Jahmi'us Ramsey,SAC,20,13,5,8,7.3,50,50,50,0,37.5,17.5,12.5,25,50,70,30,100,0,80,20
467,Jalen Harris,TOR,22,13,3,10,13.2,50,50,39.6,8.3,53.1,6.3,7.3,16.7,31.3,26.3,73.7,88.2,11.8,55.6,44.4
467,Justin Patton,HOU,24,13,1,12,19,51.4,48.6,57.1,5.7,38.6,2.9,4.3,14.3,51.4,70,30,100,0,79.3,20.7
467,Matthew Dellavedova,CLE,30,13,4,9,17.2,55.4,44.6,55.6,0,33.3,0,11.1,11.1,55.6,40,60,75,25,50,50
467,Mike James,BKN,30,13,9,4,18.2,66.3,33.7,46,16,33,12,21,10,30,17.4,82.6,45.5,54.5,26.5,73.5
467,Norvel Pelle,NYK,28,13,8,5,6.4,100,0,80,0,0,10,20,0,80,50,50,0,0,50,50
467,Robert Woodard II,SAC,21,13,3,10,3.5,70,30,70,20,15,0,15,0,50,57.1,42.9,100,0,62.5,37.5
467,Terrance Ferguson,PHI,23,13,10,3,3.8,28.6,71.4,100,0,0,0,0,0,100,100,0,0,0,100,0
478,Jared Dudley,LAL,35,12,7,5,6.7,33.3,66.7,0,0,100,0,0,0,0,0,0,50,50,50,50
479,Anthony Tolliver,PHI,36,11,7,4,9,17.6,82.4,0,0,70.6,0,29.4,29.4,0,0,0,100,0,100,0
479,Devon Dotson,CHI,21,11,4,7,4.6,66.7,33.3,87,8.7,13,8.7,0,43.5,78.3,40,60,100,0,45.5,54.5
479,Jaren Jackson Jr.,MEM,21,11,4,7,23.5,52,48,45.6,1.3,32.3,12,22.1,8.9,44.3,66.7,33.3,100,0,77.4,22.6
479,Jontay Porter,MEM,21,11,7,4,4.9,46.7,53.3,45.5,9.1,40.9,0,13.6,18.2,36.4,60,40,100,0,75,25
479,Rondae Hollis-Jefferson,POR,26,11,6,5,9.8,94.4,5.6,66.7,7.4,0,29.6,33.3,33.3,59.3,44.4,55.6,0,0,44.4,55.6
479,Tyrell Terry,DAL,20,11,2,9,5.1,56.3,43.8,90.9,0,0,36.4,9.1,36.4,90.9,20,80,0,0,20,80
485,Gabriel Deck,OKC,26,10,1,9,21.2,77.6,22.4,71.4,14.3,7.1,9.5,21.5,9.5,57.1,40,60,100,0,43.8,56.3
485,Gary Payton II,GSW,28,10,7,3,4,69.2,30.8,64,0,24,12,12,28,64,75,25,100,0,80,20
485,Karim Mane,ORL,21,10,2,8,8.8,84.6,15.4,36.4,0,27.3,0,36.3,0,36.4,0,100,100,0,33.3,66.7
485,Thomas Bryant,WAS,23,10,2,8,27.1,76.9,23.1,69.9,2.8,18.9,10.5,11.2,21.7,67.1,72,28,100,0,76.3,23.7
485,Vincent Poirier,PHI,27,10,8,2,3.9,91.7,8.3,75,25,0,0,25,0,50,0,100,0,0,0,100
485,Yogi Ferrell,LAC,28,10,4,6,13.7,50.9,49.1,39.3,7.1,48.2,7.1,12.5,12.5,32.1,18.2,81.8,66.7,33.3,40,60
491,Charlie Brown Jr.,OKC,24,9,1,8,16.9,51.2,48.8,40,15,37.5,15,22.5,17.5,25,75,25,100,0,84.6,15.4
491,James Nunnally,NOP,30,9,3,6,5.3,7.7,92.3,13.3,13.3,80,0,6.7,6.7,0,100,0,100,0,100,0
491,Jeremiah Martin,CLE,25,9,0,9,8.4,63.6,36.4,54.5,18.2,40.9,27.3,4.6,22.7,36.4,33.3,66.7,66.7,33.3,44.4,55.6
491,Justin Robinson,OKC,23,9,0,9,9.7,33.3,66.7,28.6,0,57.1,23.8,14.3,23.8,28.6,33.3,66.7,100,0,71.4,28.6
495,Axel Toupane,MIL,28,8,2,6,7.7,81.8,18.2,42.9,0,21.4,14.3,35.7,35.7,42.9,100,0,0,100,75,25
495,Dakota Mathias,PHI,25,8,4,4,15.4,45.8,54.2,45.8,37.5,50,6.3,4.2,14.6,8.3,54.5,45.5,87.5,12.5,68.4,31.6
495,Devin Cannady,ORL,25,8,0,8,9.3,42.9,57.1,29.4,17.6,52.9,0,17.7,20.6,11.8,20,80,83.3,16.7,54.5,45.5
495,Jared Harper,NYK,23,8,5,3,2,75,25,0,0,0,0,100,0,0,0,0,0,0,0,0
495,Markelle Fultz,ORL,23,8,6,2,26.9,84.6,15.4,71.8,11.7,11.7,7.8,16.5,17.5,60.2,8.1,91.9,50,50,12.2,87.8
495,Thon Maker,CLE,24,8,3,5,9.6,88.9,11.1,66.7,6.7,0,0,33.3,16.7,60,40,60,0,0,40,60
501,Grant Riller,CHA,24,7,2,5,3.9,66.7,33.3,66.7,33.3,33.3,0,0,16.7,33.3,16.7,83.3,100,0,37.5,62.5
501,Jaylen Adams,MIL,25,7,5,2,2.6,75,25,100,100,0,0,0,0,0,0,100,0,0,0,100
501,Nate Darling,CHA,22,7,3,4,3.7,0,100,0,0,66.7,0,33.3,0,0,0,0,100,0,100,0
501,Robert Franks,ORL,24,7,0,7,14.4,46.4,53.6,37.2,0,34.9,16.3,27.9,25.6,37.2,25,75,100,0,53.8,46.2
501,T.J. Leaf,POR,24,7,6,1,5.1,100,0,83.3,0,0,16.7,16.7,33.3,83.3,60,40,0,0,60,40
506,Brian Bowen II,IND,22,6,1,5,2.5,75,25,66.7,0,0,0,33.3,0,66.7,100,0,0,0,100,0
506,Bruno Caboclo,HOU,25,6,1,5,6.1,70.6,29.4,94.1,0,0,23.5,5.9,11.8,94.1,62.5,37.5,0,0,62.5,37.5
506,Dante Exum,HOU,25,6,3,3,19.4,57.7,42.3,69.6,0,26.1,8.7,4.3,39.1,69.6,62.5,37.5,100,0,70,30
506,Jordan Bell,GSW,26,6,3,3,13.6,90.9,9.1,93.3,13.3,0,13.3,6.7,13.3,80,71.4,28.6,0,0,71.4,28.6
506,Louis King,SAC,22,6,3,3,14.2,67.6,32.4,59.1,0,27.3,13.6,13.6,20.5,59.1,38.5,61.5,75,25,47.1,52.9
506,Marques Bolden,CLE,23,6,2,4,4.8,100,0,28.6,0,0,0,71.4,0,28.6,100,0,0,0,100,0
512,Amida Brimah,IND,27,5,2,3,5.9,100,0,76.9,0,0,30.8,23.1,0,76.9,80,20,0,0,80,20
512,Anderson Varejao,CLE,38,5,1,4,7.2,93.8,6.3,61.5,30.8,0,0,38.5,0,30.8,75,25,0,0,75,25
512,Andre Roberson,BKN,29,5,4,1,12.6,42.9,57.1,33.3,0,50,0,16.7,16.7,33.3,0,100,100,0,50,50
512,Cam Reynolds,HOU,26,5,3,2,8.1,33.3,66.7,40,13.3,60,20,0,0,26.7,100,0,66.7,33.3,83.3,16.7
512,Khyri Thomas,HOU,25,5,1,4,30.6,59.1,40.9,56.1,9.8,32.9,19.5,11,31.7,46.3,52.2,47.8,66.7,33.3,56.3,43.8
512,Patrick McCaw,TOR,25,5,2,3,6.7,100,0,40,0,0,60,60,60,40,0,100,0,0,0,100
512,Tim Frazier,MEM,30,5,5,0,12.4,60,40,75,25,0,25,25,25,50,33.3,66.7,0,0,33.3,66.7
519,Cameron Oliver,HOU,24,4,1,3,21.8,60.6,39.4,69.8,4.7,27.9,14,2.3,18.6,65.1,86.7,13.3,100,0,89.5,10.5
519,Frank Mason III,ORL,27,4,1,3,19.8,79.2,20.8,56,0,24,16,20,0,56,28.6,71.4,100,0,44.4,55.6
519,Greg Whittington,DEN,28,4,3,1,3,33.3,66.7,0,0,0,0,100,0,0,0,0,0,0,0,0
519,Jalen Lecque,IND,21,4,2,2,3,88.9,11.1,40,0,0,0,60,0,40,0,100,0,0,0,100
519,Jay Scrubb,LAC,20,4,2,2,21,75,25,68.6,22.9,17.1,0,14.3,5.7,45.7,58.3,41.7,100,0,64.3,35.7
519,Kris Dunn,ATL,27,4,1,3,11.4,83.3,16.7,40,0,0,40,60,0,40,0,100,0,0,0,100
519,Noah Vonleh,BKN,25,4,3,1,2.7,33.3,66.7,0,0,0,0,100,0,0,0,0,0,0,0,0
519,T.J. Warren,IND,27,4,3,1,29.3,86.3,13.7,87.1,19.4,0,30.6,12.9,12.9,67.7,59.3,40.7,0,0,59.3,40.7
527,Didi Louzada,NOP,21,3,0,3,18.8,38.5,61.5,25,0,75,0,0,0,25,0,100,100,0,66.7,33.3
527,Isaiah Thomas,NOP,32,3,1,2,16.1,55.6,44.4,52.2,26.1,39.1,17.4,8.7,26.1,26.1,83.3,16.7,66.7,33.3,77.8,22.2
527,Malik Fitts,LAC,23,3,3,0,3.6,33.3,66.7,0,0,100,0,0,0,0,0,0,100,0,100,0
527,Meyers Leonard,MIA,29,3,2,1,9.8,0,100,0,0,90,0,10,0,0,0,0,100,0,100,0
527,Spencer Dinwiddie,BKN,28,3,2,1,21.4,56.3,43.8,40,0,30,30,30,25,40,50,50,100,0,66.7,33.3
532,Ashton Hagans,MIN,21,2,0,2,2,0,0,0,0,0,0,100,0,0,0,0,0,0,0,0
532,Henry Ellenson,TOR,24,2,0,2,19.2,35.7,64.3,40,0,40,33.3,20,26.7,40,33.3,66.7,100,0,60,40
532,Iman Shumpert,BKN,31,2,1,1,5.5,25,75,100,0,0,0,0,0,100,0,100,0,0,0,100
532,Marquese Chriss,GSW,23,2,0,2,13.4,64.3,35.7,61.5,0,23.1,15.4,15.4,0,61.5,25,75,100,0,40,60
532,Ray Spalding,HOU,24,2,0,2,9.4,75,25,100,0,0,0,0,0,100,100,0,0,0,100,0
537,Anzejs Pasecniks,WAS,25,1,1,0,6.3,0,100,0,0,0,0,100,0,0,0,0,0,0,0,0
537,Elijah Bryant,MIL,26,1,0,1,31.6,61.5,38.5,62.5,12.5,18.8,31.3,18.7,37.5,50,0,100,100,0,16.7,83.3
537,Udonis Haslem,MIA,41,1,1,0,2.7,100,0,100,50,0,0,0,0,50,100,0,0,0,100,0
537,Will Magnay,NOP,23,1,1,0,3.3,0,100,0,0,0,0,100,0,0,0,0,0,0,0,0
